state,type_code,state_place,type_desc,name,lat,lng
20,00100,2000100,place,"Abbyville, KS",-98.2029614,37.9705757
20,00125,2000125,place,"Abilene, KS",-97.2278998,38.924483
20,00225,2000225,place,"Ada, KS",-97.8859477,39.1621996
20,00325,2000325,place,"Admire, KS",-96.1020087,38.6409949
20,00475,2000475,place,"Agenda, KS",-97.4322389,39.7065672
20,00550,2000550,place,"Agra, KS",-99.1194272,39.7612622
20,00825,2000825,place,"Albert, KS",-99.011129,38.4539591
20,00950,2000950,place,"Alden, KS",-98.3117296,38.2438388
20,01050,2001050,place,"Alexander, KS",-99.5529981,38.469417
20,01275,2001275,place,"Allen, KS",-96.1696355,38.6551225
20,01350,2001350,place,"Alma, KS",-96.2870964,39.0156813
20,01425,2001425,place,"Almena, KS",-99.7096128,39.8912739
20,01550,2001550,place,"Altamont, KS",-95.2919457,37.1853028
20,01575,2001575,place,"Alta Vista, KS",-96.4888377,38.8629419
20,01600,2001600,place,"Alton, KS",-98.948639,39.467804
20,01625,2001625,place,"Altoona, KS",-95.6614982,37.5245174
20,01675,2001675,place,"Americus, KS",-96.2612819,38.5063849
20,01725,2001725,place,"Ames, KS",-97.4509648,39.5688945
20,01775,2001775,place,"Andale, KS",-97.6275008,37.7915057
20,01800,2001800,place,"Andover, KS",-97.1307531,37.6871655
20,01975,2001975,place,"Anthony, KS",-98.0427758,37.1585331
20,02175,2002175,place,"Arcadia, KS",-94.6240276,37.6412329
20,02250,2002250,place,"Argonia, KS",-97.7629391,37.2678762
20,02300,2002300,place,"Arkansas City, KS",-97.038436,37.0724994
20,02325,2002325,place,"Arlington, KS",-98.1780643,37.8962896
20,02375,2002375,place,"Arma, KS",-94.7018073,37.5427753
20,02600,2002600,place,"Asherville, KS",-97.9732287,39.4074933
20,02675,2002675,place,"Ashland, KS",-99.7696711,37.186661
20,02850,2002850,place,"Assaria, KS",-97.6041423,38.6802029
20,02900,2002900,place,"Atchison, KS",-95.1366109,39.5625524
20,03025,2003025,place,"Athol, KS",-98.9197481,39.766191
20,03050,2003050,place,"Atlanta, KS",-96.7669778,37.4357375
20,03100,2003100,place,"Attica, KS",-98.2276237,37.2426049
20,03150,2003150,place,"Atwood, KS",-101.0418926,39.8098997
20,03250,2003250,place,"Auburn, KS",-95.8155552,38.9077559
20,03300,2003300,place,"Augusta, KS",-96.9731604,37.6980162
20,03425,2003425,place,"Aurora, KS",-97.5298458,39.4519241
20,03600,2003600,place,"Axtell, KS",-96.2568959,39.8712585
20,03675,2003675,place,"Baileyville, KS",-96.192749,39.850055
20,03800,2003800,place,"Bala, KS",-96.9503922,39.3108293
20,03900,2003900,place,"Baldwin City, KS",-95.1874801,38.7775064
20,04225,2004225,place,"Barnard, KS",-98.0442515,39.1891709
20,04250,2004250,place,"Barnes, KS",-96.8734042,39.7115508
20,04350,2004350,place,"Bartlett, KS",-95.2115688,37.0548602
20,04400,2004400,place,"Basehor, KS",-94.9290474,39.1353248
20,04450,2004450,place,"Bassett, KS",-95.4056506,37.907206
20,04575,2004575,place,"Bavaria, KS",-97.7547404,38.7953989
20,04625,2004625,place,"Baxter Springs, KS",-94.7349608,37.0199515
20,04775,2004775,place,"Bazine, KS",-99.6930058,38.4461259
20,04900,2004900,place,"Beattie, KS",-96.4177904,39.8623707
20,04925,2004925,place,"Beaumont, KS",-96.5318138,37.6559754
20,04950,2004950,place,"Beaver, KS",-98.6737148,38.6455196
20,05337,2005337,place,"Bel Aire, KS",-97.2465707,37.7759428
20,05500,2005500,place,"Belle Plaine, KS",-97.2795482,37.3934285
20,05600,2005600,place,"Belleville, KS",-97.6338554,39.8243366
20,05775,2005775,place,"Beloit, KS",-98.1083398,39.4646976
20,05825,2005825,place,"Belpre, KS",-99.0998216,37.9506691
20,05925,2005925,place,"Belvue, KS",-96.1790006,39.216297
20,05975,2005975,place,"Bendena, KS",-95.1810565,39.7435409
20,06000,2006000,place,"Benedict, KS",-95.7434829,37.6268832
20,06075,2006075,place,"Bennington, KS",-97.5932277,39.033146
20,06125,2006125,place,"Bentley, KS",-97.5147116,37.8867616
20,06175,2006175,place,"Benton, KS",-97.1077527,37.7881362
20,06275,2006275,place,"Bern, KS",-95.9710647,39.9614154
20,06500,2006500,place,"Beverly, KS",-97.9754542,39.0138315
20,06575,2006575,place,"Big Bow, KS",-101.5573721,37.5608514
20,06825,2006825,place,"Bird City, KS",-101.5327651,39.7495137
20,06950,2006950,place,"Bison, KS",-99.19789,38.5199153
20,07600,2007600,place,"Blue Mound, KS",-95.0099263,38.0893572
20,07650,2007650,place,"Blue Rapids, KS",-96.658901,39.6784391
20,07775,2007775,place,"Bluff City, KS",-97.8747005,37.0761158
20,07825,2007825,place,"Bogue, KS",-99.68739,39.3595222
20,07975,2007975,place,"Bonner Springs, KS",-94.8717391,39.0753683
20,08300,2008300,place,"Bremen, KS",-96.7955068,39.8977723
20,08425,2008425,place,"Brewster, KS",-101.3771297,39.3630545
20,08450,2008450,place,"Bridgeport, KS",-97.6140038,38.6271396
20,08475,2008475,place,"Bronson, KS",-95.0731127,37.8958065
20,08575,2008575,place,"Brookville, KS",-97.8645441,38.7735575
20,08675,2008675,place,"Brownell, KS",-99.744275,38.6406194
20,09000,2009000,place,"Bucklin, KS",-99.6344185,37.5486469
20,09050,2009050,place,"Bucyrus, KS",-94.7083468,38.7209166
20,09150,2009150,place,"Buffalo, KS",-95.6969304,37.7091077
20,09200,2009200,place,"Buhler, KS",-97.7705686,38.1384261
20,09225,2009225,place,"Bunker Hill, KS",-98.6989376,38.8752981
20,09250,2009250,place,"Burden, KS",-96.7553723,37.3156094
20,09275,2009275,place,"Burdett, KS",-99.5264517,38.1935232
20,09300,2009300,place,"Burdick, KS",-96.8472436,38.5589434
20,09350,2009350,place,"Burlingame, KS",-95.8357746,38.7518644
20,09400,2009400,place,"Burlington, KS",-95.7454278,38.1932893
20,09450,2009450,place,"Burns, KS",-96.8876681,38.0897378
20,09525,2009525,place,"Burr Oak, KS",-98.3057081,39.870347
20,09575,2009575,place,"Burrton, KS",-97.6714518,38.0237192
20,09675,2009675,place,"Bushong, KS",-96.2567348,38.6427996
20,09700,2009700,place,"Bushton, KS",-98.3960026,38.5122753
20,09800,2009800,place,"Byers, KS",-98.8670554,37.7878963
20,09900,2009900,place,"Caldwell, KS",-97.6088676,37.0350092
20,10125,2010125,place,"Cambridge, KS",-96.6671658,37.3177764
20,10375,2010375,place,"Caney, KS",-95.9319312,37.0135728
20,10475,2010475,place,"Canton, KS",-97.4300503,38.3858621
20,10600,2010600,place,"Carbondale, KS",-95.6931539,38.8217935
20,10675,2010675,place,"Carlton, KS",-97.2931593,38.686663
20,10925,2010925,place,"Cassoday, KS",-96.6386651,38.0386651
20,11025,2011025,place,"Catharine, KS",-99.2143526,38.9302059
20,11175,2011175,place,"Cawker City, KS",-98.433107,39.5095107
20,11325,2011325,place,"Cedar, KS",-98.9401782,39.6571204
20,11425,2011425,place,"Cedar Point, KS",-96.8237428,38.2600468
20,11450,2011450,place,"Cedar Vale, KS",-96.5026231,37.1051346
20,12325,2012325,place,"Centerville, KS",-95.0156622,38.2296228
20,12425,2012425,place,"Centralia, KS",-96.130955,39.7244128
20,12450,2012450,place,"Centropolis, KS",-95.349447,38.7195373
20,12500,2012500,place,"Chanute, KS",-95.4641615,37.6696611
20,12550,2012550,place,"Chapman, KS",-97.0232582,38.9743722
20,12650,2012650,place,"Chase, KS",-98.3486665,38.3553198
20,12675,2012675,place,"Chautauqua, KS",-96.1771437,37.023897
20,12775,2012775,place,"Cheney, KS",-97.7797163,37.635291
20,12825,2012825,place,"Cherokee, KS",-94.8213375,37.345041
20,12925,2012925,place,"Cherryvale, KS",-95.5533544,37.2691478
20,12950,2012950,place,"Chetopa, KS",-95.0922495,37.0374374
20,13100,2013100,place,"Chicopee, KS",-94.7434614,37.38341
20,13275,2013275,place,"Cimarron, KS",-100.3453271,37.8097096
20,13375,2013375,place,"Circleville, KS",-95.8556744,39.5094367
20,13425,2013425,place,"Claflin, KS",-98.5368547,38.5245769
20,13625,2013625,place,"Clay Center, KS",-97.1273715,39.3811819
20,13675,2013675,place,"Clayton, KS",-100.1764841,39.7368662
20,13925,2013925,place,"Clearwater, KS",-97.4974823,37.5095844
20,14200,2014200,place,"Clifton, KS",-97.2805516,39.5680948
20,14275,2014275,place,"Climax, KS",-96.2240321,37.7191681
20,14475,2014475,place,"Clyde, KS",-97.4002123,39.5918304
20,14525,2014525,place,"Coats, KS",-98.8253384,37.51078
20,14575,2014575,place,"Codell, KS",-99.1701226,39.1953784
20,14600,2014600,place,"Coffeyville, KS",-95.6515798,37.032717
20,14650,2014650,place,"Colby, KS",-101.0452112,39.3848012
20,14700,2014700,place,"Coldwater, KS",-99.3234003,37.2675428
20,14900,2014900,place,"Collyer, KS",-100.1182597,39.037322
20,14950,2014950,place,"Colony, KS",-95.3622249,38.0728386
20,15075,2015075,place,"Columbus, KS",-94.8440757,37.1716138
20,15100,2015100,place,"Colwich, KS",-97.5362775,37.78181
20,15200,2015200,place,"Concordia, KS",-97.6467674,39.5668653
20,15325,2015325,place,"Conway Springs, KS",-97.6429417,37.3898615
20,15400,2015400,place,"Coolidge, KS",-102.0078189,38.0414247
20,15475,2015475,place,"Copeland, KS",-100.6286067,37.5402401
20,15725,2015725,place,"Corning, KS",-96.0287888,39.6570894
20,15900,2015900,place,"Cottonwood Falls, KS",-96.5427551,38.368211
20,15925,2015925,place,"Council Grove, KS",-96.4917824,38.6631487
20,16025,2016025,place,"Courtland, KS",-97.8961594,39.7832419
20,16150,2016150,place,"Coyville, KS",-95.8959383,37.6872403
20,16325,2016325,place,"Crestline, KS",-94.7064481,37.1700732
20,16475,2016475,place,"Croweburg, KS",-94.6723416,37.5536202
20,16625,2016625,place,"Cuba, KS",-97.4574217,39.8023462
20,16675,2016675,place,"Cullison, KS",-98.9052664,37.6303207
20,16700,2016700,place,"Culver, KS",-97.759078,38.9701591
20,16775,2016775,place,"Cunningham, KS",-98.4311298,37.6446229
20,16975,2016975,place,"Damar, KS",-99.5844592,39.3191519
20,17000,2017000,place,"Danville, KS",-97.8920709,37.2859516
20,17150,2017150,place,"Dearing, KS",-95.6953648,37.0533626
20,17225,2017225,place,"Deerfield, KS",-101.1331825,37.981869
20,17525,2017525,place,"Delia, KS",-95.9649924,39.2393654
20,17600,2017600,place,"Delphos, KS",-97.7648525,39.2745771
20,17625,2017625,place,"Denison, KS",-95.6284508,39.3937945
20,17675,2017675,place,"Dennis, KS",-95.4030997,37.3486347
20,17750,2017750,place,"Denton, KS",-95.2695359,39.731933
20,17800,2017800,place,"Derby, KS",-97.2557858,37.5595593
20,17850,2017850,place,"De Soto, KS",-94.9511411,38.9723059
20,17875,2017875,place,"Detroit, KS",-97.1268505,38.9359986
20,17900,2017900,place,"Devon, KS",-94.8153085,37.9222481
20,17925,2017925,place,"Dexter, KS",-96.7160395,37.1795671
20,18050,2018050,place,"Dighton, KS",-100.4663669,38.4810101
20,18250,2018250,place,"Dodge City, KS",-100.0184384,37.7606765
20,18325,2018325,place,"Dorrance, KS",-98.5900437,38.8468909
20,18400,2018400,place,"Douglass, KS",-97.0104563,37.5169052
20,18500,2018500,place,"Downs, KS",-98.5473046,39.5045696
20,18600,2018600,place,"Dresden, KS",-100.4190497,39.6227615
20,18950,2018950,place,"Dunlap, KS",-96.3675679,38.5762863
20,19050,2019050,place,"Durham, KS",-97.2268845,38.4844562
20,19125,2019125,place,"Dwight, KS",-96.5921809,38.8452131
20,19275,2019275,place,"Earlton, KS",-95.4697866,37.5874206
20,19300,2019300,place,"Eastborough, KS",-97.2585879,37.684623
20,19600,2019600,place,"Easton, KS",-95.1171733,39.3455819
20,19700,2019700,place,"Eastshore, KS",-97.0664198,38.384506
20,19825,2019825,place,"Edgerton, KS",-94.9693628,38.77414
20,19875,2019875,place,"Edmond, KS",-99.8198647,39.6271443
20,19900,2019900,place,"Edna, KS",-95.3591754,37.058485
20,19925,2019925,place,"Edson, KS",-101.5494994,39.3349598
20,20000,2020000,place,"Edwardsville, KS",-94.8188183,39.078168
20,20025,2020025,place,"Effingham, KS",-95.396919,39.5229087
20,20050,2020050,place,"Elbing, KS",-97.1283358,38.0534097
20,20075,2020075,place,"El Dorado, KS",-96.8616032,37.8204594
20,20125,2020125,place,"Elgin, KS",-96.2806469,37.0016449
20,20250,2020250,place,"Elk City, KS",-95.9103166,37.2890833
20,20300,2020300,place,"Elk Falls, KS",-96.1929039,37.3729609
20,20350,2020350,place,"Elkhart, KS",-101.8944184,37.0037543
20,20425,2020425,place,"Ellinwood, KS",-98.5836565,38.357359
20,20450,2020450,place,"Ellis, KS",-99.5567912,38.9346541
20,20500,2020500,place,"Ellsworth, KS",-98.2285681,38.7326377
20,20675,2020675,place,"Elmdale, KS",-96.645988,38.3729655
20,20875,2020875,place,"Elsmore, KS",-95.1499128,37.7941747
20,20950,2020950,place,"Elwood, KS",-94.8934109,39.7515046
20,20975,2020975,place,"Elyria, KS",-97.633885,38.289582
20,21100,2021100,place,"Emmett, KS",-96.0576094,39.3073141
20,21275,2021275,place,"Emporia, KS",-96.1929063,38.4028689
20,21350,2021350,place,"Englewood, KS",-99.9876162,37.0404488
20,21400,2021400,place,"Ensign, KS",-100.2328229,37.6531183
20,21425,2021425,place,"Enterprise, KS",-97.1163669,38.9034032
20,21500,2021500,place,"Erie, KS",-95.2417911,37.571661
20,21600,2021600,place,"Esbon, KS",-98.4337157,39.821841
20,21650,2021650,place,"Eskridge, KS",-96.1052616,38.8595085
20,21675,2021675,place,"Eudora, KS",-95.0941231,38.9346639
20,21800,2021800,place,"Eureka, KS",-96.2890005,37.8260468
20,22025,2022025,place,"Everest, KS",-95.4247571,39.6769738
20,22425,2022425,place,"Fairview, KS",-95.7281011,39.8395793
20,22700,2022700,place,"Fairway, KS",-94.6287179,39.0245246
20,22775,2022775,place,"Fall River, KS",-96.0285548,37.6077717
20,22900,2022900,place,"Falun, KS",-97.7511446,38.674449
20,23050,2023050,place,"Farlington, KS",-94.8226624,37.6154146
20,23600,2023600,place,"Florence, KS",-96.9291548,38.2430748
20,23650,2023650,place,"Fontana, KS",-94.8446567,38.4215155
20,23725,2023725,place,"Ford, KS",-99.7537784,37.6366516
20,23825,2023825,place,"Formoso, KS",-97.992873,39.7784801
20,23890,2023890,place,"Fort Dodge, KS",-99.9370034,37.7303988
20,23975,2023975,place,"Fort Riley, KS",-96.8125475,39.1063441
20,24000,2024000,place,"Fort Scott, KS",-94.7041413,37.8279995
20,24175,2024175,place,"Fowler, KS",-100.1957933,37.3832646
20,24275,2024275,place,"Frankfort, KS",-96.4178069,39.7041215
20,24325,2024325,place,"Franklin, KS",-94.6963661,37.5199786
20,24550,2024550,place,"Frederick, KS",-98.2675819,38.5128592
20,24575,2024575,place,"Fredonia, KS",-95.8223482,37.5330955
20,24850,2024850,place,"Frontenac, KS",-94.700771,37.458763
20,24925,2024925,place,"Fulton, KS",-94.7197342,38.0098418
20,24975,2024975,place,"Furley, KS",-97.2118695,37.8800713
20,25050,2025050,place,"Galatia, KS",-98.9577566,38.6410818
20,25100,2025100,place,"Galena, KS",-94.6355168,37.0751936
20,25150,2025150,place,"Galesburg, KS",-95.3563303,37.4721239
20,25200,2025200,place,"Galva, KS",-97.53808,38.3836038
20,25325,2025325,place,"Garden City, KS",-100.8516593,37.9770221
20,25375,2025375,place,"Garden Plain, KS",-97.6792751,37.6627092
20,25425,2025425,place,"Gardner, KS",-94.9262909,38.8123577
20,25750,2025750,place,"Garfield, KS",-99.2445416,38.0770541
20,25900,2025900,place,"Garland, KS",-94.6243837,37.7304827
20,25925,2025925,place,"Garnett, KS",-95.2412309,38.2858727
20,25975,2025975,place,"Gas, KS",-95.3449559,37.9225701
20,26000,2026000,place,"Gaylord, KS",-98.8473106,39.6462681
20,26050,2026050,place,"Gem, KS",-100.897249,39.4259997
20,26075,2026075,place,"Geneseo, KS",-98.1544733,38.5170201
20,26200,2026200,place,"Geuda Springs, KS",-97.1504469,37.1114472
20,26300,2026300,place,"Girard, KS",-94.8455199,37.5088545
20,26325,2026325,place,"Glade, KS",-99.3115573,39.6837449
20,26375,2026375,place,"Glasco, KS",-97.8369634,39.3610003
20,26500,2026500,place,"Glen Elder, KS",-98.3064904,39.5001659
20,26725,2026725,place,"Goddard, KS",-97.5597197,37.6718025
20,26750,2026750,place,"Goessel, KS",-97.3457423,38.2470724
20,26775,2026775,place,"Goff, KS",-95.9317618,39.6641159
20,26875,2026875,place,"Goodland, KS",-101.7138185,39.3485116
20,27000,2027000,place,"Gorham, KS",-99.023701,38.8806759
20,27125,2027125,place,"Gove City, KS",-100.4870707,38.9594616
20,27200,2027200,place,"Grainfield, KS",-100.4683693,39.1142827
20,27425,2027425,place,"Grandview Plaza, KS",-96.7927648,39.0328114
20,28200,2028200,place,"Grantville, KS",-95.5611689,39.0805936
20,28300,2028300,place,"Great Bend, KS",-98.7995137,38.3597921
20,28350,2028350,place,"Greeley, KS",-95.1263493,38.3673735
20,28412,2028412,place,"Greeley County unified government (balance), KS",-101.8060237,38.4804132
20,28425,2028425,place,"Green, KS",-96.9998958,39.4301238
20,28625,2028625,place,"Greenleaf, KS",-96.9798272,39.7267056
20,28675,2028675,place,"Greensburg, KS",-99.2895686,37.6048753
20,28700,2028700,place,"Greenwich, KS",-97.2031485,37.7833744
20,28800,2028800,place,"Grenola, KS",-96.4496706,37.3502887
20,28850,2028850,place,"Gridley, KS",-95.8815409,38.1010498
20,28900,2028900,place,"Grinnell, KS",-100.6310715,39.1266168
20,29250,2029250,place,"Gypsum, KS",-97.4266231,38.7057752
20,29400,2029400,place,"Haddam, KS",-97.3042616,39.8552821
20,29550,2029550,place,"Hallowell, KS",-95.0027348,37.1733617
20,29600,2029600,place,"Halstead, KS",-97.5101755,37.9999692
20,29675,2029675,place,"Hamilton, KS",-96.1638364,37.9805833
20,29700,2029700,place,"Hamlin, KS",-95.6275395,39.9155129
20,29875,2029875,place,"Hanover, KS",-96.8750671,39.8931699
20,29925,2029925,place,"Hanston, KS",-99.7127122,38.1230076
20,30000,2030000,place,"Hardtner, KS",-98.6491781,37.014417
20,30175,2030175,place,"Harper, KS",-98.0275921,37.2850723
20,30250,2030250,place,"Harris, KS",-95.4474591,38.3208364
20,30475,2030475,place,"Hartford, KS",-95.9566494,38.3083781
20,30575,2030575,place,"Harveyville, KS",-95.9625232,38.7891166
20,30700,2030700,place,"Havana, KS",-95.9419167,37.0921126
20,30725,2030725,place,"Haven, KS",-97.7830935,37.9016325
20,30775,2030775,place,"Havensville, KS",-96.076352,39.5112281
20,30825,2030825,place,"Haviland, KS",-99.1058205,37.6174128
20,31100,2031100,place,"Hays, KS",-99.3222253,38.8822267
20,31125,2031125,place,"Haysville, KS",-97.3535131,37.5660587
20,31150,2031150,place,"Hazelton, KS",-98.4015411,37.0894468
20,31200,2031200,place,"Healy, KS",-100.6175901,38.6030416
20,31375,2031375,place,"Hepler, KS",-94.9699674,37.6633983
20,31400,2031400,place,"Herington, KS",-96.8072363,38.6968665
20,31425,2031425,place,"Herkimer, KS",-96.708932,39.8923673
20,31475,2031475,place,"Herndon, KS",-100.7864961,39.9091596
20,31600,2031600,place,"Hesston, KS",-97.4269836,38.1400719
20,31675,2031675,place,"Hiawatha, KS",-95.5379986,39.8518551
20,31850,2031850,place,"Highland, KS",-95.2651352,39.8603367
20,32175,2032175,place,"Hill City, KS",-99.846041,39.3670666
20,32275,2032275,place,"Hillsboro, KS",-97.1995722,38.3526521
20,32300,2032300,place,"Hillsdale, KS",-94.8569048,38.6613958
20,32550,2032550,place,"Hoisington, KS",-98.7773753,38.5180628
20,32575,2032575,place,"Holcomb, KS",-100.9936188,37.985983
20,32650,2032650,place,"Hollenberg, KS",-96.9919143,39.9810497
20,32825,2032825,place,"Holton, KS",-95.7325554,39.4698613
20,32850,2032850,place,"Holyrood, KS",-98.4118038,38.5872338
20,32875,2032875,place,"Home, KS",-96.5193777,39.8410279
20,33075,2033075,place,"Hope, KS",-97.076496,38.6912221
20,33150,2033150,place,"Horace, KS",-101.7904988,38.4768413
20,33200,2033200,place,"Horton, KS",-95.5325322,39.6637912
20,33250,2033250,place,"Howard, KS",-96.2630428,37.4694336
20,33350,2033350,place,"Hoxie, KS",-100.4398444,39.3558279
20,33375,2033375,place,"Hoyt, KS",-95.707921,39.2493585
20,33400,2033400,place,"Hudson, KS",-98.6606854,38.1048776
20,33425,2033425,place,"Hugoton, KS",-101.3446892,37.1745138
20,33450,2033450,place,"Humboldt, KS",-95.4361457,37.8123917
20,33500,2033500,place,"Hunnewell, KS",-97.4076129,37.004128
20,33525,2033525,place,"Hunter, KS",-98.3961172,39.2350426
20,33575,2033575,place,"Huron, KS",-95.3511991,39.6382327
20,33625,2033625,place,"Hutchinson, KS",-97.9095202,38.0672908
20,33700,2033700,place,"Idana, KS",-97.2664085,39.3615208
20,33875,2033875,place,"Independence, KS",-95.7136304,37.232948
20,34225,2034225,place,"Ingalls, KS",-100.4533232,37.8285784
20,34275,2034275,place,"Inman, KS",-97.7715723,38.2324281
20,34300,2034300,place,"Iola, KS",-95.4006687,37.9274265
20,34350,2034350,place,"Ionia, KS",-98.3439639,39.6626315
20,34550,2034550,place,"Isabel, KS",-98.5515165,37.4671511
20,34625,2034625,place,"Iuka, KS",-98.7327175,37.7290059
20,34975,2034975,place,"Jamestown, KS",-97.8612553,39.5995477
20,35375,2035375,place,"Jennings, KS",-100.2932075,39.6805474
20,35450,2035450,place,"Jetmore, KS",-99.8846995,37.9866195
20,35475,2035475,place,"Jewell, KS",-98.1524078,39.671551
20,35600,2035600,place,"Johnson City, KS",-101.7447828,37.5704419
20,35750,2035750,place,"Junction City, KS",-96.8522711,39.0272202
20,35950,2035950,place,"Kanopolis, KS",-98.1580686,38.7081107
20,35975,2035975,place,"Kanorado, KS",-102.0372545,39.3365416
20,36000,2036000,place,"Kansas City, KS",-94.7417813,39.1225389
20,36200,2036200,place,"Keats, KS",-96.707417,39.216782
20,36225,2036225,place,"Kechi, KS",-97.2664598,37.7947558
20,36375,2036375,place,"Kelly, KS",-96.0007234,39.736844
20,36550,2036550,place,"Kensington, KS",-99.0328502,39.7667024
20,36735,2036735,place,"Kickapoo Site 1, KS",-95.6484278,39.7144521
20,36736,2036736,place,"Kickapoo Site 2, KS",-95.6495332,39.7029413
20,36739,2036739,place,"Kickapoo Site 5, KS",-95.6841994,39.6734808
20,36740,2036740,place,"Kickapoo Site 6, KS",-95.6904938,39.6917514
20,36741,2036741,place,"Kickapoo Site 7, KS",-95.6713278,39.6895308
20,36744,2036744,place,"Kickapoo Tribal Center, KS",-95.6452757,39.672245
20,36875,2036875,place,"Kincaid, KS",-95.1561571,38.0807319
20,36950,2036950,place,"Kingman, KS",-98.1159929,37.6477119
20,37075,2037075,place,"Kinsley, KS",-99.4114069,37.9223768
20,37125,2037125,place,"Kiowa, KS",-98.4848186,37.0174052
20,37200,2037200,place,"Kipp, KS",-97.4568219,38.7849896
20,37275,2037275,place,"Kirwin, KS",-99.1217497,39.6698073
20,37325,2037325,place,"Kismet, KS",-100.701658,37.2044926
20,37375,2037375,place,"Labette, KS",-95.18355,37.2300153
20,37500,2037500,place,"La Crosse, KS",-99.3094984,38.5318368
20,37575,2037575,place,"La Cygne, KS",-94.7617931,38.3478335
20,37675,2037675,place,"Lafontaine, KS",-95.8424076,37.3998389
20,37725,2037725,place,"La Harpe, KS",-95.3030498,37.9164459
20,37875,2037875,place,"Lake City, KS",-98.8278645,37.3569569
20,37975,2037975,place,"Lake Quivira, KS",-94.7685259,39.04019
20,38175,2038175,place,"Lakin, KS",-101.2584441,37.940016
20,38325,2038325,place,"Lancaster, KS",-95.3037122,39.5711586
20,38400,2038400,place,"Lane, KS",-95.0820908,38.4400469
20,38500,2038500,place,"Langdon, KS",-98.3241796,37.8531923
20,38650,2038650,place,"Lansing, KS",-94.8963204,39.2425924
20,38700,2038700,place,"Larned, KS",-99.1012605,38.1833899
20,38775,2038775,place,"Latham, KS",-96.6425292,37.5355874
20,38800,2038800,place,"Latimer, KS",-96.8459596,38.7385919
20,38900,2038900,place,"Lawrence, KS",-95.26293,38.9600294
20,39000,2039000,place,"Leavenworth, KS",-94.9249844,39.3236053
20,39075,2039075,place,"Leawood, KS",-94.6252403,38.9072625
20,39100,2039100,place,"Lebanon, KS",-98.5572936,39.8101756
20,39125,2039125,place,"Lebo, KS",-95.8624818,38.4161793
20,39150,2039150,place,"Lecompton, KS",-95.3950344,39.0258513
20,39225,2039225,place,"Lehigh, KS",-97.3024105,38.3744071
20,39350,2039350,place,"Lenexa, KS",-94.8039369,38.9652678
20,39400,2039400,place,"Lenora, KS",-100.0014059,39.6108678
20,39450,2039450,place,"Leon, KS",-96.7837318,37.6898191
20,39475,2039475,place,"Leona, KS",-95.3213672,39.785986
20,39500,2039500,place,"Leonardville, KS",-96.8596789,39.364084
20,39550,2039550,place,"Leoti, KS",-101.3576476,38.483388
20,39650,2039650,place,"LeRoy, KS",-95.6329705,38.0859565
20,39700,2039700,place,"Levant, KS",-101.1947727,39.3881113
20,39725,2039725,place,"Lewis, KS",-99.2546706,37.9370283
20,39825,2039825,place,"Liberal, KS",-100.9296092,37.0461108
20,40250,2040250,place,"Liberty, KS",-95.5976735,37.1563609
20,40400,2040400,place,"Liebenthal, KS",-99.3200268,38.6544791
20,41300,2041300,place,"Lincoln Center, KS",-98.1467373,39.0429547
20,41325,2041325,place,"Lincolnville, KS",-96.9614812,38.4942729
20,41375,2041375,place,"Lindsborg, KS",-97.6740089,38.5771418
20,41425,2041425,place,"Linn, KS",-97.0867936,39.6792898
20,41465,2041465,place,"Linn Valley, KS",-94.7108989,38.3753855
20,41475,2041475,place,"Linwood, KS",-95.0371012,39.0019985
20,41575,2041575,place,"Little River, KS",-98.014947,38.3982136
20,42100,2042100,place,"Logan, KS",-99.5672816,39.6616559
20,42425,2042425,place,"Lone Elm, KS",-95.243056,38.0796281
20,42575,2042575,place,"Longford, KS",-97.3290736,39.1720961
20,42600,2042600,place,"Long Island, KS",-99.5339142,39.9461209
20,42650,2042650,place,"Longton, KS",-96.0818387,37.3774631
20,42800,2042800,place,"Lorraine, KS",-98.3173309,38.5690488
20,42825,2042825,place,"Lost Springs, KS",-96.965767,38.5666189
20,42875,2042875,place,"Louisburg, KS",-94.677082,38.6205063
20,42925,2042925,place,"Louisville, KS",-96.3144786,39.249865
20,43050,2043050,place,"Lowell, KS",-94.70267,37.051305
20,43150,2043150,place,"Lucas, KS",-98.5377081,39.0586529
20,43175,2043175,place,"Ludell, KS",-100.9584261,39.8565676
20,43250,2043250,place,"Luray, KS",-98.6921506,39.1149888
20,43350,2043350,place,"Lyndon, KS",-95.6844244,38.6119075
20,43525,2043525,place,"Lyons, KS",-98.2044767,38.3462192
20,43675,2043675,place,"McConnell AFB, KS",-97.2584918,37.6344367
20,43700,2043700,place,"McCracken, KS",-99.568446,38.5820846
20,43725,2043725,place,"McCune, KS",-95.0192033,37.3538039
20,43750,2043750,place,"McDonald, KS",-101.3701943,39.7847464
20,43775,2043775,place,"McFarland, KS",-96.237983,39.0546911
20,43850,2043850,place,"Macksville, KS",-98.9688617,37.9572301
20,43900,2043900,place,"McLouth, KS",-95.2086138,39.1964391
20,43950,2043950,place,"McPherson, KS",-97.6605419,38.3712144
20,44050,2044050,place,"Madison, KS",-96.1371802,38.1335581
20,44150,2044150,place,"Mahaska, KS",-97.3536095,39.9872691
20,44200,2044200,place,"Maize, KS",-97.4591338,37.7748603
20,44225,2044225,place,"Manchester, KS",-97.3201559,39.0933132
20,44250,2044250,place,"Manhattan, KS",-96.6058642,39.1883066
20,44300,2044300,place,"Mankato, KS",-98.2082669,39.7873391
20,44375,2044375,place,"Manter, KS",-101.883166,37.5245154
20,44500,2044500,place,"Maple Hill, KS",-96.0280154,39.0854232
20,44550,2044550,place,"Mapleton, KS",-94.8840812,38.0156927
20,44600,2044600,place,"Marienthal, KS",-101.2200349,38.4890805
20,44750,2044750,place,"Marion, KS",-97.0077771,38.3533147
20,44925,2044925,place,"Marquette, KS",-97.8344284,38.555844
20,45050,2045050,place,"Marysville, KS",-96.638878,39.8436898
20,45150,2045150,place,"Matfield Green, KS",-96.5620135,38.1596511
20,45250,2045250,place,"Mayetta, KS",-95.7214727,39.3385981
20,45275,2045275,place,"Mayfield, KS",-97.5404017,37.2630879
20,45325,2045325,place,"Meade, KS",-100.3430218,37.2836121
20,45500,2045500,place,"Medicine Lodge, KS",-98.5811847,37.2851373
20,45700,2045700,place,"Melvern, KS",-95.637764,38.5073392
20,45750,2045750,place,"Menlo, KS",-100.7242498,39.3561062
20,45875,2045875,place,"Mentor, KS",-97.5979247,38.7406653
20,45950,2045950,place,"Meriden, KS",-95.5681272,39.1895121
20,46000,2046000,place,"Merriam, KS",-94.6939551,39.0176072
20,46450,2046450,place,"Milan, KS",-97.6739981,37.2574743
20,46500,2046500,place,"Mildred, KS",-95.1722988,38.0242053
20,46525,2046525,place,"Milford, KS",-96.9104268,39.1729289
20,46925,2046925,place,"Milton, KS",-97.7693933,37.4432109
20,46950,2046950,place,"Miltonvale, KS",-97.4523018,39.3495714
20,47075,2047075,place,"Minneapolis, KS",-97.6996554,39.1242886
20,47150,2047150,place,"Minneola, KS",-100.0130784,37.4420293
20,47225,2047225,place,"Mission, KS",-94.6569615,39.0267737
20,47350,2047350,place,"Mission Hills, KS",-94.6175515,39.0140353
20,47425,2047425,place,"Mission Woods, KS",-94.6106048,39.0341885
20,47600,2047600,place,"Moline, KS",-96.3023839,37.3636504
20,47875,2047875,place,"Montezuma, KS",-100.4500873,37.5924203
20,47975,2047975,place,"Mont Ida, KS",-95.3640087,38.2169232
20,48025,2048025,place,"Monument, KS",-101.0080589,39.1049925
20,48125,2048125,place,"Moran, KS",-95.1714291,37.9165422
20,48225,2048225,place,"Morganville, KS",-97.2036743,39.4667154
20,48275,2048275,place,"Morland, KS",-100.0743517,39.3489987
20,48300,2048300,place,"Morrill, KS",-95.6943232,39.9291692
20,48450,2048450,place,"Morrowville, KS",-97.1727686,39.8453027
20,48600,2048600,place,"Moscow, KS",-101.2067771,37.3250904
20,48750,2048750,place,"Mound City, KS",-94.8212455,38.1395318
20,48800,2048800,place,"Moundridge, KS",-97.5148018,38.2019119
20,48825,2048825,place,"Mound Valley, KS",-95.4047635,37.2070185
20,48900,2048900,place,"Mount Hope, KS",-97.655168,37.8725658
20,49025,2049025,place,"Mulberry, KS",-94.6234418,37.556082
20,49075,2049075,place,"Mullinville, KS",-99.4755601,37.5885744
20,49100,2049100,place,"Mulvane, KS",-97.2353654,37.4764512
20,49150,2049150,place,"Munden, KS",-97.5384505,39.9126327
20,49200,2049200,place,"Munjor, KS",-99.2674606,38.8088555
20,49250,2049250,place,"Murdock, KS",-97.9316477,37.6111147
20,49325,2049325,place,"Muscotah, KS",-95.5204187,39.5535668
20,49350,2049350,place,"Narka, KS",-97.4267294,39.9597626
20,49400,2049400,place,"Nashville, KS",-98.4227508,37.4384454
20,49425,2049425,place,"Natoma, KS",-99.0241563,39.1884855
20,49525,2049525,place,"Navarre, KS",-97.1076251,38.8017115
20,49550,2049550,place,"Neal, KS",-96.0808483,37.833753
20,49650,2049650,place,"Neodesha, KS",-95.6845863,37.4241771
20,49825,2049825,place,"Neosho Falls, KS",-95.555289,38.0060088
20,49875,2049875,place,"Neosho Rapids, KS",-95.9918564,38.3684814
20,49925,2049925,place,"Ness City, KS",-99.904656,38.4540549
20,49950,2049950,place,"Netawaka, KS",-95.7189087,39.6029673
20,50150,2050150,place,"New Albany, KS",-95.9362881,37.567822
20,50250,2050250,place,"Newbury, KS",-96.1741055,39.0823631
20,50300,2050300,place,"New Cambria, KS",-97.5066017,38.8790456
20,50425,2050425,place,"New Salem, KS",-96.8897187,37.3142816
20,50450,2050450,place,"New Strawn, KS",-95.7427308,38.2640269
20,50475,2050475,place,"Newton, KS",-97.3449197,38.0367446
20,50525,2050525,place,"Nickerson, KS",-98.0882604,38.148899
20,50550,2050550,place,"Nicodemus, KS",-99.613519,39.3861438
20,50600,2050600,place,"Niles, KS",-97.4574744,38.9688419
20,50750,2050750,place,"Niotaze, KS",-96.014469,37.0673465
20,50925,2050925,place,"Norcatur, KS",-100.1888042,39.8347528
20,51225,2051225,place,"North Newton, KS",-97.3463149,38.0776035
20,51500,2051500,place,"Norton, KS",-99.8915958,39.8362192
20,51525,2051525,place,"Nortonville, KS",-95.3300418,39.4154188
20,51550,2051550,place,"Norway, KS",-97.77377,39.6965332
20,51600,2051600,place,"Norwich, KS",-97.8479164,37.4572424
20,51700,2051700,place,"Oak Hill, KS",-97.3429542,39.2465436
20,51810,2051810,place,"Oaklawn-Sunview, KS",-97.2984635,37.6084113
20,51825,2051825,place,"Oakley, KS",-100.844973,39.1234564
20,52000,2052000,place,"Oberlin, KS",-100.5307374,39.8230396
20,52175,2052175,place,"Odin, KS",-98.6166932,38.5730045
20,52200,2052200,place,"Offerle, KS",-99.5603505,37.8907233
20,52225,2052225,place,"Ogallah, KS",-99.7325828,38.994596
20,52275,2052275,place,"Ogden, KS",-96.7023529,39.1109201
20,52525,2052525,place,"Oketo, KS",-96.5989506,39.9632304
20,52575,2052575,place,"Olathe, KS",-94.8200535,38.8820305
20,52700,2052700,place,"Olivet, KS",-95.7512757,38.4814962
20,52750,2052750,place,"Olmitz, KS",-98.9366436,38.5164445
20,52800,2052800,place,"Olpe, KS",-96.1650715,38.2647375
20,52825,2052825,place,"Olsburg, KS",-96.6159593,39.4320946
20,52875,2052875,place,"Onaga, KS",-96.1702412,39.4892831
20,52900,2052900,place,"Oneida, KS",-95.9398202,39.8667987
20,52925,2052925,place,"Opolis, KS",-94.6243525,37.3483159
20,53200,2053200,place,"Osage City, KS",-95.8210021,38.6340977
20,53225,2053225,place,"Osawatomie, KS",-94.9458945,38.4999302
20,53325,2053325,place,"Osborne, KS",-98.6994687,39.4404519
20,53375,2053375,place,"Oskaloosa, KS",-95.3147127,39.2159883
20,53450,2053450,place,"Oswego, KS",-95.1120522,37.1676409
20,53525,2053525,place,"Otis, KS",-99.0534977,38.5347998
20,53550,2053550,place,"Ottawa, KS",-95.2627774,38.6000804
20,53725,2053725,place,"Overbrook, KS",-95.5569673,38.7793674
20,53775,2053775,place,"Overland Park, KS",-94.6905839,38.8890422
20,53850,2053850,place,"Oxford, KS",-97.1693488,37.2737039
20,53925,2053925,place,"Ozawkie, KS",-95.4658369,39.2353328
20,54125,2054125,place,"Palco, KS",-99.5635406,39.2532095
20,54200,2054200,place,"Palmer, KS",-97.1403768,39.6328754
20,54250,2054250,place,"Paola, KS",-94.8618639,38.578717
20,54325,2054325,place,"Paradise, KS",-98.9184437,39.1145254
20,54400,2054400,place,"Park, KS",-100.3613619,39.1117862
20,54450,2054450,place,"Park City, KS",-97.325287,37.8083847
20,54500,2054500,place,"Parker, KS",-94.9891788,38.3286456
20,54560,2054560,place,"Parkerfield, KS",-96.9955777,37.0677979
20,54575,2054575,place,"Parkerville, KS",-96.66092,38.7633153
20,54675,2054675,place,"Parsons, KS",-95.2649977,37.3340128
20,54700,2054700,place,"Partridge, KS",-98.0922595,37.9668737
20,54875,2054875,place,"Pawnee Rock, KS",-98.9823499,38.2649409
20,54950,2054950,place,"Paxico, KS",-96.1670211,39.0689043
20,55100,2055100,place,"Peabody, KS",-97.1043481,38.1683057
20,55175,2055175,place,"Peck, KS",-97.3694797,37.4777242
20,55225,2055225,place,"Penalosa, KS",-98.3202477,37.7156502
20,55450,2055450,place,"Perry, KS",-95.3875279,39.0738765
20,55525,2055525,place,"Peru, KS",-96.0961381,37.08033
20,55675,2055675,place,"Phillipsburg, KS",-99.3209844,39.7512281
20,55750,2055750,place,"Piedmont, KS",-96.3792849,37.615291
20,55775,2055775,place,"Pierceville, KS",-100.6768052,37.8824098
20,55875,2055875,place,"Pilsen, KS",-97.0344059,38.4679521
20,56000,2056000,place,"Piqua, KS",-95.5376822,37.9217036
20,56025,2056025,place,"Pittsburg, KS",-94.6983397,37.4125762
20,56100,2056100,place,"Plains, KS",-100.589759,37.264239
20,56150,2056150,place,"Plainville, KS",-99.3008504,39.2341092
20,56450,2056450,place,"Pleasanton, KS",-94.7053419,38.1794166
20,56725,2056725,place,"Plevna, KS",-98.309592,37.9716197
20,57000,2057000,place,"Pomona, KS",-95.454439,38.6111839
20,57100,2057100,place,"Portis, KS",-98.6915822,39.5637433
20,57300,2057300,place,"Potwin, KS",-97.0183499,37.9386238
20,57350,2057350,place,"Powhattan, KS",-95.6340106,39.7617344
20,57525,2057525,place,"Prairie View, KS",-99.573294,39.8319891
20,57575,2057575,place,"Prairie Village, KS",-94.6361947,38.9868347
20,57625,2057625,place,"Pratt, KS",-98.7659356,37.6985762
20,57650,2057650,place,"Prescott, KS",-94.6925123,38.0631217
20,57675,2057675,place,"Preston, KS",-98.5577867,37.7584453
20,57700,2057700,place,"Pretty Prairie, KS",-98.0224824,37.7800631
20,57725,2057725,place,"Princeton, KS",-95.2700916,38.4862391
20,57850,2057850,place,"Protection, KS",-99.4807745,37.2003912
20,58100,2058100,place,"Quenemo, KS",-95.526614,38.5802235
20,58250,2058250,place,"Quinter, KS",-100.2347424,39.0666258
20,58300,2058300,place,"Radium, KS",-98.8944753,38.1738117
20,58325,2058325,place,"Radley, KS",-94.7620423,37.4849281
20,58375,2058375,place,"Ramona, KS",-97.0636991,38.5978671
20,58450,2058450,place,"Randall, KS",-98.0455715,39.6416131
20,58475,2058475,place,"Randolph, KS",-96.7597527,39.4288948
20,58500,2058500,place,"Ransom, KS",-99.9327235,38.6365246
20,58525,2058525,place,"Rantoul, KS",-95.1008975,38.5483942
20,58550,2058550,place,"Raymond, KS",-98.4143142,38.2779717
20,58600,2058600,place,"Reading, KS",-95.9573766,38.5191491
20,58725,2058725,place,"Redfield, KS",-94.881987,37.8365557
20,59000,2059000,place,"Republic, KS",-97.8244724,39.9239353
20,59050,2059050,place,"Reserve, KS",-95.5651448,39.9769604
20,59125,2059125,place,"Rexford, KS",-100.7439063,39.4704155
20,59200,2059200,place,"Richfield, KS",-101.7827864,37.2652758
20,59675,2059675,place,"Richmond, KS",-95.251949,38.4003331
20,59875,2059875,place,"Riley, KS",-96.8275784,39.2989676
20,59975,2059975,place,"Ringo, KS",-94.7698869,37.5062737
20,60200,2060200,place,"Riverton, KS",-94.70697,37.0732423
20,60325,2060325,place,"Robinson, KS",-95.4115824,39.8155385
20,60400,2060400,place,"Rock, KS",-97.007062,37.441789
20,60825,2060825,place,"Roeland Park, KS",-94.6374094,39.035854
20,60900,2060900,place,"Rolla, KS",-101.6318302,37.117929
20,61100,2061100,place,"Rosalia, KS",-96.6250017,37.8158473
20,61250,2061250,place,"Rose Hill, KS",-97.1360443,37.5702706
20,61275,2061275,place,"Roseland, KS",-94.8438452,37.2804869
20,61400,2061400,place,"Rossville, KS",-95.9496244,39.1357992
20,61550,2061550,place,"Roxbury, KS",-97.4277214,38.5505486
20,61600,2061600,place,"Rozel, KS",-99.4032528,38.1953866
20,61775,2061775,place,"Rush Center, KS",-99.3107976,38.4648801
20,61825,2061825,place,"Russell, KS",-98.8513919,38.8874548
20,61875,2061875,place,"Russell Springs, KS",-101.1757399,38.9127781
20,62025,2062025,place,"Sabetha, KS",-95.7928319,39.910228
20,62075,2062075,place,"St. Benedict, KS",-96.1029185,39.892851
20,62175,2062175,place,"St. Francis, KS",-101.801428,39.771479
20,62200,2062200,place,"St. George, KS",-96.4182837,39.1926058
20,62275,2062275,place,"St. John, KS",-98.7610707,38.0000237
20,62375,2062375,place,"St. Marks, KS",-97.5590796,37.7393002
20,62400,2062400,place,"St. Marys, KS",-96.0641738,39.1941685
20,62500,2062500,place,"St. Paul, KS",-95.1741832,37.5185586
20,62700,2062700,place,"Salina, KS",-97.6144634,38.8140031
20,63150,2063150,place,"Satanta, KS",-100.9880211,37.4377737
20,63200,2063200,place,"Savonburg, KS",-95.141834,37.7491356
20,63275,2063275,place,"Sawyer, KS",-98.6829511,37.498457
20,63325,2063325,place,"Scammon, KS",-94.8235556,37.2791733
20,63350,2063350,place,"Scandia, KS",-97.784001,39.796886
20,63425,2063425,place,"Schoenchen, KS",-99.3322555,38.7128952
20,63600,2063600,place,"Scott City, KS",-100.9030531,38.4788719
20,63650,2063650,place,"Scottsville, KS",-97.9523044,39.5425766
20,63675,2063675,place,"Scranton, KS",-95.7410896,38.7780284
20,63750,2063750,place,"Sedan, KS",-96.1848251,37.1284565
20,63800,2063800,place,"Sedgwick, KS",-97.4201641,37.9180593
20,63875,2063875,place,"Selden, KS",-100.5671851,39.5414473
20,63950,2063950,place,"Seneca, KS",-96.0696078,39.8379976
20,64025,2064025,place,"Severance, KS",-95.2492356,39.7668188
20,64050,2064050,place,"Severy, KS",-96.2275248,37.6219551
20,64100,2064100,place,"Seward, KS",-98.7942812,38.1778281
20,64200,2064200,place,"Shallow Water, KS",-100.9104459,38.3737738
20,64325,2064325,place,"Sharon, KS",-98.4176689,37.249734
20,64375,2064375,place,"Sharon Springs, KS",-101.7511628,38.8943336
20,64500,2064500,place,"Shawnee, KS",-94.8058011,39.0174878
20,65550,2065550,place,"Silverdale, KS",-96.9017493,37.0423937
20,65600,2065600,place,"Silver Lake, KS",-95.8566547,39.0998491
20,65650,2065650,place,"Simpson, KS",-97.933998,39.3860355
20,65925,2065925,place,"Smith Center, KS",-98.7830996,39.7740072
20,66100,2066100,place,"Smolan, KS",-97.6843522,38.7381156
20,66175,2066175,place,"Soldier, KS",-95.9655842,39.5372274
20,66275,2066275,place,"Solomon, KS",-97.3692354,38.9214713
20,66475,2066475,place,"Somerset, KS",-94.7793669,38.6048541
20,66650,2066650,place,"South Haven, KS",-97.401264,37.0494951
20,66750,2066750,place,"South Hutchinson, KS",-97.9448449,38.0230819
20,66800,2066800,place,"South Mound, KS",-95.2198533,37.4360275
20,67125,2067125,place,"Spearville, KS",-99.7547136,37.8480673
20,67175,2067175,place,"Speed, KS",-99.4209905,39.676325
20,67250,2067250,place,"Spivey, KS",-98.1657337,37.4483896
20,67625,2067625,place,"Spring Hill, KS",-94.8209759,38.7566846
20,67775,2067775,place,"Stafford, KS",-98.599332,37.9623721
20,68025,2068025,place,"Stark, KS",-95.1441085,37.6897198
20,68200,2068200,place,"Sterling, KS",-98.2064629,38.2092932
20,68350,2068350,place,"Stockton, KS",-99.2763991,39.425124
20,68650,2068650,place,"Strong City, KS",-96.5366662,38.3954306
20,68750,2068750,place,"Stuttgart, KS",-99.454667,39.7995206
20,68775,2068775,place,"Sublette, KS",-100.8464917,37.4822265
20,68950,2068950,place,"Summerfield, KS",-96.3492932,39.9968701
20,69275,2069275,place,"Sun City, KS",-98.916813,37.3785183
20,69525,2069525,place,"Susank, KS",-98.7744906,38.6406774
20,69725,2069725,place,"Sycamore, KS",-95.7154498,37.3185713
20,69775,2069775,place,"Sylvan Grove, KS",-98.3943688,39.0122908
20,69800,2069800,place,"Sylvia, KS",-98.4086738,37.9588699
20,69850,2069850,place,"Syracuse, KS",-101.7967593,37.9535775
20,69925,2069925,place,"Talmage, KS",-97.2597129,39.0268911
20,70000,2070000,place,"Tampa, KS",-97.1541809,38.5480874
20,70075,2070075,place,"Tecumseh, KS",-95.5796504,39.0349545
20,70250,2070250,place,"Tescott, KS",-97.8782855,39.0129699
20,70300,2070300,place,"Thayer, KS",-95.495828,37.4834951
20,70357,2070357,place,"The Highlands, KS",-97.949637,38.165949
20,70625,2070625,place,"Timken, KS",-99.1779982,38.4731746
20,70675,2070675,place,"Tipton, KS",-98.4709042,39.3395096
20,70800,2070800,place,"Tonganoxie, KS",-95.0790897,39.1078897
20,71000,2071000,place,"Topeka, KS",-95.6948251,39.03468
20,71050,2071050,place,"Toronto, KS",-95.9497517,37.7985251
20,71125,2071125,place,"Towanda, KS",-96.9930658,37.7925109
20,71450,2071450,place,"Tribune, KS",-101.7545251,38.4720367
20,71575,2071575,place,"Troy, KS",-95.0940885,39.7851777
20,71800,2071800,place,"Turon, KS",-98.4277502,37.807537
20,71925,2071925,place,"Tyro, KS",-95.8242774,37.0385691
20,71950,2071950,place,"Udall, KS",-97.1176728,37.3890279
20,71975,2071975,place,"Ulysses, KS",-101.3548641,37.5773425
20,72525,2072525,place,"Uniontown, KS",-94.9756882,37.8471984
20,72600,2072600,place,"Urbana, KS",-95.3998577,37.5579592
20,72650,2072650,place,"Utica, KS",-100.1697665,38.6427046
20,73250,2073250,place,"Valley Center, KS",-97.3649497,37.8336147
20,73300,2073300,place,"Valley Falls, KS",-95.4611976,39.3393288
20,73450,2073450,place,"Vassar, KS",-95.6100106,38.6485968
20,73525,2073525,place,"Vermillion, KS",-96.2650656,39.7188583
20,73775,2073775,place,"Victoria, KS",-99.147397,38.8537584
20,73950,2073950,place,"Vining, KS",-97.2936134,39.5673187
20,74025,2074025,place,"Viola, KS",-97.6443933,37.4828548
20,74075,2074075,place,"Virgil, KS",-96.0112087,37.9804999
20,74225,2074225,place,"Wabaunsee, KS",-96.3423091,39.1436421
20,74425,2074425,place,"Wakarusa, KS",-95.7049102,38.8938293
20,74450,2074450,place,"WaKeeney, KS",-99.8814552,39.0234494
20,74525,2074525,place,"Wakefield, KS",-97.0187787,39.2163904
20,74575,2074575,place,"Waldo, KS",-98.7983251,39.1200256
20,74625,2074625,place,"Waldron, KS",-98.1825455,37.0017531
20,74750,2074750,place,"Wallace, KS",-101.5930156,38.9126629
20,74950,2074950,place,"Walnut, KS",-95.074138,37.603628
20,75200,2075200,place,"Walton, KS",-97.2582565,38.118663
20,75325,2075325,place,"Wamego, KS",-96.3101259,39.2052626
20,75825,2075825,place,"Washington, KS",-97.0484223,39.8157976
20,75950,2075950,place,"Waterville, KS",-96.7467742,39.6917378
20,76000,2076000,place,"Wathena, KS",-94.9275179,39.7610575
20,76050,2076050,place,"Waverly, KS",-95.6050824,38.3958086
20,76175,2076175,place,"Wayside, KS",-95.870237,37.1264022
20,76250,2076250,place,"Webber, KS",-98.0350627,39.9343713
20,76350,2076350,place,"Weir, KS",-94.7744677,37.3095941
20,76425,2076425,place,"Welda, KS",-95.2916428,38.1721772
20,76475,2076475,place,"Wellington, KS",-97.4066719,37.278109
20,76550,2076550,place,"Wells, KS",-97.5511832,39.1390858
20,76625,2076625,place,"Wellsville, KS",-95.0778619,38.7176621
20,76675,2076675,place,"Weskan, KS",-101.968141,38.8652526
20,77150,2077150,place,"West Mineral, KS",-94.9268011,37.2839056
20,77200,2077200,place,"Westmoreland, KS",-96.4136702,39.3941602
20,77250,2077250,place,"Westphalia, KS",-95.4903506,38.1821838
20,77500,2077500,place,"Westwood, KS",-94.6155797,39.0393793
20,77525,2077525,place,"Westwood Hills, KS",-94.6096636,39.0389049
20,77550,2077550,place,"Wetmore, KS",-95.8113777,39.6355795
20,77700,2077700,place,"Wheaton, KS",-96.3185744,39.5022052
20,77825,2077825,place,"White City, KS",-96.7349923,38.7933442
20,77850,2077850,place,"White Cloud, KS",-95.2990393,39.974342
20,78050,2078050,place,"Whitewater, KS",-97.1460278,37.96356
20,78100,2078100,place,"Whiting, KS",-95.6112004,39.5878739
20,79000,2079000,place,"Wichita, KS",-97.3458362,37.6906377
20,79250,2079250,place,"Willard, KS",-95.9429165,39.0940609
20,79300,2079300,place,"Williamsburg, KS",-95.4675015,38.481056
20,79375,2079375,place,"Williamstown, KS",-95.3323228,39.0642008
20,79400,2079400,place,"Willis, KS",-95.5057886,39.7226424
20,79425,2079425,place,"Willowbrook, KS",-97.9919323,38.10117
20,79550,2079550,place,"Wilmore, KS",-99.2101972,37.3350358
20,79625,2079625,place,"Wilroads Gardens, KS",-99.9268415,37.7152788
20,79650,2079650,place,"Wilsey, KS",-96.6764547,38.6357178
20,79675,2079675,place,"Wilson, KS",-98.4749231,38.8253317
20,79800,2079800,place,"Winchester, KS",-95.2691598,39.3227196
20,79850,2079850,place,"Windom, KS",-97.9101651,38.3841335
20,79950,2079950,place,"Winfield, KS",-96.9796742,37.2427744
20,80075,2080075,place,"Winona, KS",-101.2449267,39.0617169
20,80350,2080350,place,"Woodbine, KS",-96.9593067,38.7956017
20,80400,2080400,place,"Woodruff, KS",-99.4315586,39.987637
20,80450,2080450,place,"Woodston, KS",-99.0983069,39.4538846
20,80500,2080500,place,"Wright, KS",-99.8904692,37.7752865
20,80650,2080650,place,"Yale, KS",-94.6473551,37.4894005
20,80700,2080700,place,"Yates Center, KS",-95.7548099,37.8674841
20,80750,2080750,place,"Yoder, KS",-97.8681095,37.9454618
20,80875,2080875,place,"Zeandale, KS",-96.4278934,39.1627913
20,80925,2080925,place,"Zenda, KS",-98.2819963,37.444077
20,81025,2081025,place,"Zurich, KS",-99.4347002,39.2322647
20,001,20001,county,"Allen County, KS",-95.3009448,37.8842285
20,003,20003,county,"Anderson County, KS",-95.2920464,38.2151139
20,005,20005,county,"Atchison County, KS",-95.3133975,39.5325441
20,007,20007,county,"Barber County, KS",-98.685052,37.2229059
20,009,20009,county,"Barton County, KS",-98.7678374,38.4812394
20,011,20011,county,"Bourbon County, KS",-94.8509284,37.8560997
20,013,20013,county,"Brown County, KS",-95.5699047,39.8259308
20,015,20015,county,"Butler County, KS",-96.8388402,37.7736487
20,017,20017,county,"Chase County, KS",-96.5940289,38.2994749
20,019,20019,county,"Chautauqua County, KS",-96.2453962,37.1542592
20,021,20021,county,"Cherokee County, KS",-94.8456975,37.1693922
20,023,20023,county,"Cheyenne County, KS",-101.7273254,39.7899166
20,025,20025,county,"Clark County, KS",-99.8138686,37.2338311
20,027,20027,county,"Clay County, KS",-97.1688527,39.3449643
20,029,20029,county,"Cloud County, KS",-97.6413898,39.4873286
20,031,20031,county,"Coffey County, KS",-95.7291373,38.2364502
20,033,20033,county,"Comanche County, KS",-99.2512929,37.1814417
20,035,20035,county,"Cowley County, KS",-96.8372468,37.2345068
20,037,20037,county,"Crawford County, KS",-94.8538967,37.5058215
20,039,20039,county,"Decatur County, KS",-100.4597084,39.783542
20,041,20041,county,"Dickinson County, KS",-97.1579434,38.8677353
20,043,20043,county,"Doniphan County, KS",-95.1472253,39.7885021
20,045,20045,county,"Douglas County, KS",-95.2909475,38.8964168
20,047,20047,county,"Edwards County, KS",-99.3047457,37.8835945
20,049,20049,county,"Elk County, KS",-96.2446421,37.4560259
20,051,20051,county,"Ellis County, KS",-99.3173133,38.9145967
20,053,20053,county,"Ellsworth County, KS",-98.2053552,38.7008451
20,055,20055,county,"Finney County, KS",-100.7399674,38.0498075
20,057,20057,county,"Ford County, KS",-99.8847484,37.6884159
20,059,20059,county,"Franklin County, KS",-95.2789618,38.5580187
20,061,20061,county,"Geary County, KS",-96.7680996,39.0021387
20,063,20063,county,"Gove County, KS",-100.4873598,38.9172385
20,065,20065,county,"Graham County, KS",-99.8798939,39.3549716
20,067,20067,county,"Grant County, KS",-101.2993622,37.547537
20,069,20069,county,"Gray County, KS",-100.4517163,37.7445134
20,071,20071,county,"Greeley County, KS",-101.8059697,38.4804041
20,073,20073,county,"Greenwood County, KS",-96.2417321,37.8793472
20,075,20075,county,"Hamilton County, KS",-101.7936887,37.9952438
20,077,20077,county,"Harper County, KS",-98.0665901,37.188184
20,079,20079,county,"Harvey County, KS",-97.4367065,38.0501436
20,081,20081,county,"Haskell County, KS",-100.8799515,37.554979
20,083,20083,county,"Hodgeman County, KS",-99.8984067,38.0874927
20,085,20085,county,"Jackson County, KS",-95.794485,39.4111453
20,087,20087,county,"Jefferson County, KS",-95.375314,39.239644
20,089,20089,county,"Jewell County, KS",-98.2226185,39.7770053
20,091,20091,county,"Johnson County, KS",-94.8223295,38.8839065
20,093,20093,county,"Kearny County, KS",-101.3081363,37.9944614
20,095,20095,county,"Kingman County, KS",-98.1445285,37.5529509
20,097,20097,county,"Kiowa County, KS",-99.2865389,37.5612311
20,099,20099,county,"Labette County, KS",-95.2974732,37.1914676
20,101,20101,county,"Lane County, KS",-100.4661853,38.4812863
20,103,20103,county,"Leavenworth County, KS",-95.038977,39.1895108
20,105,20105,county,"Lincoln County, KS",-98.2142837,39.0472801
20,107,20107,county,"Linn County, KS",-94.8449321,38.2165494
20,109,20109,county,"Logan County, KS",-101.1574016,38.9132702
20,111,20111,county,"Lyon County, KS",-96.1616407,38.4554034
20,113,20113,county,"McPherson County, KS",-97.6474893,38.395812
20,115,20115,county,"Marion County, KS",-97.1027707,38.3596474
20,117,20117,county,"Marshall County, KS",-96.5212426,39.7827091
20,119,20119,county,"Meade County, KS",-100.3600936,37.2438862
20,121,20121,county,"Miami County, KS",-94.8329626,38.5667718
20,123,20123,county,"Mitchell County, KS",-98.2073621,39.3930256
20,125,20125,county,"Montgomery County, KS",-95.7424028,37.1895369
20,127,20127,county,"Morris County, KS",-96.6514482,38.688204
20,129,20129,county,"Morton County, KS",-101.8095163,37.1852495
20,131,20131,county,"Nemaha County, KS",-96.0053805,39.7910427
20,133,20133,county,"Neosho County, KS",-95.3156822,37.5642832
20,135,20135,county,"Ness County, KS",-99.9087452,38.4804369
20,137,20137,county,"Norton County, KS",-99.8992352,39.7838666
20,139,20139,county,"Osage County, KS",-95.7082554,38.6502149
20,141,20141,county,"Osborne County, KS",-98.7679416,39.3482608
20,143,20143,county,"Ottawa County, KS",-97.6548025,39.1379632
20,145,20145,county,"Pawnee County, KS",-99.2347717,38.1814768
20,147,20147,county,"Phillips County, KS",-99.3421498,39.7845058
20,149,20149,county,"Pottawatomie County, KS",-96.3371126,39.3821868
20,151,20151,county,"Pratt County, KS",-98.7401199,37.6475943
20,153,20153,county,"Rawlins County, KS",-101.0767378,39.7861975
20,155,20155,county,"Reno County, KS",-98.0783463,37.9481849
20,157,20157,county,"Republic County, KS",-97.650883,39.8289061
20,159,20159,county,"Rice County, KS",-98.2014154,38.3471776
20,161,20161,county,"Riley County, KS",-96.7274889,39.2912114
20,163,20163,county,"Rooks County, KS",-99.3244921,39.3460064
20,165,20165,county,"Rush County, KS",-99.3091835,38.5235962
20,167,20167,county,"Russell County, KS",-98.7709489,38.9160397
20,169,20169,county,"Saline County, KS",-97.6514783,38.7918043
20,171,20171,county,"Scott County, KS",-100.9063604,38.4818768
20,173,20173,county,"Sedgwick County, KS",-97.4610535,37.681045
20,175,20175,county,"Seward County, KS",-100.8552566,37.1809599
20,177,20177,county,"Shawnee County, KS",-95.755664,39.0418053
20,179,20179,county,"Sheridan County, KS",-100.4412278,39.3505465
20,181,20181,county,"Sherman County, KS",-101.719859,39.3513521
20,183,20183,county,"Smith County, KS",-98.7854295,39.7846603
20,185,20185,county,"Stafford County, KS",-98.7198888,38.0356303
20,187,20187,county,"Stanton County, KS",-101.7893829,37.5659319
20,189,20189,county,"Stevens County, KS",-101.3172684,37.2017002
20,191,20191,county,"Sumner County, KS",-97.4933519,37.2366617
20,193,20193,county,"Thomas County, KS",-101.0833859,39.3577126
20,195,20195,county,"Trego County, KS",-99.865423,38.9213022
20,197,20197,county,"Wabaunsee County, KS",-96.2012619,38.9551537
20,199,20199,county,"Wallace County, KS",-101.7711031,38.9266259
20,201,20201,county,"Washington County, KS",-97.0956108,39.7767142
20,203,20203,county,"Wichita County, KS",-101.3474341,38.4819222
20,205,20205,county,"Wilson County, KS",-95.7451749,37.5585146
20,207,20207,county,"Woodson County, KS",-95.7584691,37.8881929
20,209,20209,county,"Wyandotte County, KS",-94.7630866,39.1153842
20,20,20,state,Kansas,-98.3834298,38.4985464
20,001,2001,cd,Kansas Congressional District 1,-99.4080367,38.731595
20,002,2002,cd,Kansas Congressional District 2,-95.42464,38.4822777
20,003,2003,cd,Kansas Congressional District 3,-94.7906431,38.8950035
20,004,2004,cd,Kansas Congressional District 4,-97.7439831,37.5544654
