STATE,COUNTY,STATENAME,COUNTYNAME,POP_COU,AREA_COU,POP_URBAN,POPPCT_URBAN,AREA_URBAN,AREAPCT_URBAN,POPDEN_URBAN,POP_UA,POPPCT_UA,AREA_UA,AREAPCT_UA,POPDEN_UA,POP_UC,POPPCT_UC,AREA_UC,AREAPCT_UC,POPDEN_UC,POP_RURAL,POPPCT_RURAL,AREA_RURAL,AREAPCT_RURAL,POPDEN_RURAL
08,001,Colorado,Adams,441603,3024207713,425615,96.38,364005851,12.04,3028.4,425615,96.38,364005851,12.04,3028.4,0,0,0,0,,15988,3.62,2660201862,87.96,15.6
08,003,Colorado,Alamosa,15445,1871636898,9751,63.13,18886598,1.01,1337.2,0,0,0,0,,9751,63.13,18886598,1.01,1337.2,5694,36.87,1852750300,98.99,8
08,005,Colorado,Arapahoe,572003,2067070049,562992,98.42,396190555,19.17,3680.4,562992,98.42,396190555,19.17,3680.4,0,0,0,0,,9011,1.58,1670879494,80.83,14
08,007,Colorado,Archuleta,12084,3496937899,4909,40.62,13770881,0.39,923.3,0,0,0,0,,4909,40.62,13770881,0.39,923.3,7175,59.38,3483167018,99.61,5.3
08,009,Colorado,Baca,3788,6617333541,0,0,0,0,,0,0,0,0,,0,0,0,0,,3788,100,6617333541,100,1.5
08,011,Colorado,Bent,6499,3918292377,4032,62.04,3651419,0.09,2859.9,0,0,0,0,,4032,62.04,3651419,0.09,2859.9,2467,37.96,3914640958,99.91,1.6
08,013,Colorado,Boulder,294567,1881080439,268312,91.09,221102185,11.75,3143,268312,91.09,221102185,11.75,3143,0,0,0,0,,26255,8.91,1659978254,88.25,41
08,014,Colorado,Broomfield,55889,85557538,55563,99.42,60052811,70.19,2396.3,55563,99.42,60052811,70.19,2396.3,0,0,0,0,,326,0.58,25504727,29.81,33.1
08,015,Colorado,Chaffee,17809,2624702242,11146,62.59,22652917,0.86,1274.4,0,0,0,0,,11146,62.59,22652917,0.86,1274.4,6663,37.41,2602049325,99.14,6.6
08,017,Colorado,Cheyenne,1836,4605713068,0,0,0,0,,0,0,0,0,,0,0,0,0,,1836,100,4605713068,100,1
08,019,Colorado,Clear Creek,9088,1023632674,0,0,0,0,,0,0,0,0,,0,0,0,0,,9088,100,1023632674,100,23
08,021,Colorado,Conejos,8256,3334326097,0,0,0,0,,0,0,0,0,,0,0,0,0,,8256,100,3334326097,100,6.4
08,023,Colorado,Costilla,3524,3177789979,0,0,0,0,,0,0,0,0,,0,0,0,0,,3524,100,3177789979,100,2.9
08,025,Colorado,Crowley,5823,2039411297,0,0,0,0,,0,0,0,0,,0,0,0,0,,5823,100,2039411297,100,7.4
08,027,Colorado,Custer,4255,1913031045,0,0,0,0,,0,0,0,0,,0,0,0,0,,4255,100,1913031045,100,5.8
08,029,Colorado,Delta,30952,2957896781,11399,36.83,23085952,0.78,1278.8,0,0,0,0,,11399,36.83,23085952,0.78,1278.8,19553,63.17,2934810829,99.22,17.3
08,031,Colorado,Denver,600158,396268588,600158,100,282876587,71.39,5495,600158,100,282876587,71.39,5495,0,0,0,0,,0,0,113392001,28.61,0
08,033,Colorado,Dolores,2064,2763650142,0,0,0,0,,0,0,0,0,,0,0,0,0,,2064,100,2763650142,100,1.9
08,035,Colorado,Douglas,285465,2176232357,256098,89.71,259407374,11.92,2556.9,247595,86.73,252829701,11.62,2536.4,8503,2.98,6577673,0.3,3348.1,29367,10.29,1916824983,88.08,39.7
08,037,Colorado,Eagle,52197,4362911978,41766,80.02,53228085,1.22,2032.3,0,0,0,0,,41766,80.02,53228085,1.22,2032.3,10431,19.98,4309683893,98.78,6.3
08,039,Colorado,Elbert,23086,4793671177,0,0,0,0,,0,0,0,0,,0,0,0,0,,23086,100,4793671177,100,12.5
08,041,Colorado,El Paso,622263,5508389808,566668,91.07,497372629,9.03,2950.8,559360,89.89,486318239,8.83,2979,7308,1.17,11054390,0.2,1712.2,55595,8.93,5011017179,90.97,28.7
08,043,Colorado,Fremont,46824,3970627343,34453,73.58,60329413,1.52,1479.1,0,0,0,0,,34453,73.58,60329413,1.52,1479.1,12371,26.42,3910297930,98.48,8.2
08,045,Colorado,Garfield,56389,7634153703,42797,75.9,45432868,0.6,2439.7,0,0,0,0,,42797,75.9,45432868,0.6,2439.7,13592,24.1,7588720835,99.4,4.6
08,047,Colorado,Gilpin,5441,388229109,0,0,0,0,,0,0,0,0,,0,0,0,0,,5441,100,388229109,100,36.3
08,049,Colorado,Grand,14843,4781971576,2583,17.4,5791308,0.12,1155.2,0,0,0,0,,2583,17.4,5791308,0.12,1155.2,12260,82.6,4776180268,99.88,6.6
08,051,Colorado,Gunnison,15324,8389228965,6343,41.39,8349300,0.1,1967.6,0,0,0,0,,6343,41.39,8349300,0.1,1967.6,8981,58.61,8380879665,99.9,2.8
08,053,Colorado,Hinsdale,843,2893667726,0,0,0,0,,0,0,0,0,,0,0,0,0,,843,100,2893667726,100,0.8
08,055,Colorado,Huerfano,6711,4120672901,2943,43.85,4264160,0.1,1787.5,0,0,0,0,,2943,43.85,4264160,0.1,1787.5,3768,56.15,4116408741,99.9,2.4
08,057,Colorado,Jackson,1394,4179523206,0,0,0,0,,0,0,0,0,,0,0,0,0,,1394,100,4179523206,100,0.9
08,059,Colorado,Jefferson,534543,1979289991,497679,93.1,416410228,21.04,3095.5,484123,90.57,381213700,19.26,3289.2,13556,2.54,35196528,1.78,997.5,36864,6.9,1562879763,78.96,61.1
08,061,Colorado,Kiowa,1398,4578495505,0,0,0,0,,0,0,0,0,,0,0,0,0,,1398,100,4578495505,100,0.8
08,063,Colorado,Kit Carson,8270,5596502129,4243,51.31,3838628,0.07,2862.8,0,0,0,0,,4243,51.31,3838628,0.07,2862.8,4027,48.69,5592663501,99.93,1.9
08,065,Colorado,Lake,7310,976194289,5039,68.93,8633888,0.88,1511.6,0,0,0,0,,5039,68.93,8633888,0.88,1511.6,2271,31.07,967560401,99.12,6.1
08,067,Colorado,La Plata,51334,4382462547,20560,40.05,28899868,0.66,1842.6,0,0,0,0,,20560,40.05,28899868,0.66,1842.6,30774,59.95,4353562679,99.34,18.3
08,069,Colorado,Larimer,299630,6723613486,264692,88.34,295105375,4.39,2323.1,251386,83.9,268639465,4,2423.6,13306,4.44,26465910,0.39,1302.1,34938,11.66,6428508111,95.61,14.1
08,071,Colorado,Las Animas,15507,12361162110,9181,59.21,15214358,0.12,1562.9,0,0,0,0,,9181,59.21,15214358,0.12,1562.9,6326,40.79,12345947752,99.88,1.3
08,073,Colorado,Lincoln,5467,6676021407,0,0,0,0,,0,0,0,0,,0,0,0,0,,5467,100,6676021407,100,2.1
08,075,Colorado,Logan,22709,4761813494,16088,70.84,16799004,0.35,2480.4,0,0,0,0,,16088,70.84,16799004,0.35,2480.4,6621,29.16,4745014490,99.65,3.6
08,077,Colorado,Mesa,146723,8622002815,128124,87.32,204086143,2.37,1626,128124,87.32,204086143,2.37,1626,0,0,0,0,,18599,12.68,8417916672,97.63,5.7
08,079,Colorado,Mineral,712,2267965576,0,0,0,0,,0,0,0,0,,0,0,0,0,,712,100,2267965576,100,0.8
08,081,Colorado,Moffat,13795,12285064917,10021,72.64,14724778,0.12,1762.6,0,0,0,0,,10021,72.64,14724778,0.12,1762.6,3774,27.36,12270340139,99.88,0.8
08,083,Colorado,Montezuma,25535,5256450876,8380,32.82,9510796,0.18,2282,0,0,0,0,,8380,32.82,9510796,0.18,2282,17155,67.18,5246940080,99.82,8.5
08,085,Colorado,Montrose,41276,5803373218,22706,55.01,46969883,0.81,1252,0,0,0,0,,22706,55.01,46969883,0.81,1252,18570,44.99,5756403335,99.19,8.4
08,087,Colorado,Morgan,28159,3316304952,18994,67.45,19104051,0.58,2575.1,0,0,0,0,,18994,67.45,19104051,0.58,2575.1,9165,32.55,3297200901,99.42,7.2
08,089,Colorado,Otero,18831,3268465106,12352,65.59,14448634,0.44,2214.2,0,0,0,0,,12352,65.59,14448634,0.44,2214.2,6479,34.41,3254016472,99.56,5.2
08,091,Colorado,Ouray,4436,1402718909,0,0,0,0,,0,0,0,0,,0,0,0,0,,4436,100,1402718909,100,8.2
08,093,Colorado,Park,16206,5682034441,0,0,0,0,,0,0,0,0,,0,0,0,0,,16206,100,5682034441,100,7.4
08,095,Colorado,Phillips,4442,1781724987,0,0,0,0,,0,0,0,0,,0,0,0,0,,4442,100,1781724987,100,6.5
08,097,Colorado,Pitkin,17148,2514094239,9568,55.8,14396292,0.57,1721.3,0,0,0,0,,9568,55.8,14396292,0.57,1721.3,7580,44.2,2499697947,99.43,7.9
08,099,Colorado,Prowers,12551,4243422095,7796,62.11,12614090,0.3,1600.7,0,0,0,0,,7796,62.11,12614090,0.3,1600.7,4755,37.89,4230808005,99.7,2.9
08,101,Colorado,Pueblo,159063,6179980907,136550,85.85,192206845,3.11,1840,136550,85.85,192206845,3.11,1840,0,0,0,0,,22513,14.15,5987774062,96.89,9.7
08,103,Colorado,Rio Blanco,6666,8342179365,0,0,0,0,,0,0,0,0,,0,0,0,0,,6666,100,8342179365,100,2.1
08,105,Colorado,Rio Grande,11982,2361959921,4489,37.46,5444967,0.23,2135.3,0,0,0,0,,4489,37.46,5444967,0.23,2135.3,7493,62.54,2356514954,99.77,8.2
08,107,Colorado,Routt,23509,6117619255,12888,54.82,21133485,0.35,1579.5,0,0,0,0,,12888,54.82,21133485,0.35,1579.5,10621,45.18,6096485770,99.65,4.5
08,109,Colorado,Saguache,6108,8206440775,0,0,0,0,,0,0,0,0,,0,0,0,0,,6108,100,8206440775,100,1.9
08,111,Colorado,San Juan,699,1003588157,0,0,0,0,,0,0,0,0,,0,0,0,0,,699,100,1003588157,100,1.8
08,113,Colorado,San Miguel,7359,3332308274,0,0,0,0,,0,0,0,0,,0,0,0,0,,7359,100,3332308274,100,5.7
08,115,Colorado,Sedgwick,2379,1419419181,0,0,0,0,,0,0,0,0,,0,0,0,0,,2379,100,1419419181,100,4.3
08,117,Colorado,Summit,27994,1575639358,22530,80.48,40012811,2.54,1458.3,0,0,0,0,,22530,80.48,40012811,2.54,1458.3,5464,19.52,1535626547,97.46,9.2
08,119,Colorado,Teller,23350,1442767059,8732,37.4,17408343,1.21,1299.1,0,0,0,0,,8732,37.4,17408343,1.21,1299.1,14618,62.6,1425358716,98.79,26.6
08,121,Colorado,Washington,4814,6521670287,0,0,0,0,,0,0,0,0,,0,0,0,0,,4814,100,6521670287,100,1.9
08,123,Colorado,Weld,252825,10326898753,201097,79.54,215353857,2.09,2418.5,145693,57.63,148526814,1.44,2540.6,55404,21.91,66827043,0.65,2147.3,51728,20.46,10111544896,97.91,13.2
08,125,Colorado,Yuma,10043,6123779829,3524,35.09,3970008,0.06,2299,0,0,0,0,,3524,35.09,3970008,0.06,2299,6519,64.91,6119809821,99.94,2.8
20,001,Kansas,Allen,13371,1295779123,5729,42.85,7920312,0.61,1873.4,0,0,0,0,,5729,42.85,7920312,0.61,1873.4,7642,57.15,1287858811,99.39,15.4
20,003,Kansas,Anderson,8102,1501276302,3336,41.18,5121757,0.34,1687,0,0,0,0,,3336,41.18,5121757,0.34,1687,4766,58.82,1496154545,99.66,8.3
20,005,Kansas,Atchison,16924,1116729659,11144,65.85,15561286,1.39,1854.8,0,0,0,0,,11144,65.85,15561286,1.39,1854.8,5780,34.15,1101168373,98.61,13.6
20,007,Kansas,Barber,4861,2937235546,0,0,0,0,,0,0,0,0,,0,0,0,0,,4861,100,2937235546,100,4.3
20,009,Kansas,Barton,27674,2319075093,18886,68.24,20057262,0.86,2438.7,0,0,0,0,,18886,68.24,20057262,0.86,2438.7,8788,31.76,2299017831,99.14,9.9
20,011,Kansas,Bourbon,15173,1645861744,7895,52.03,10837271,0.66,1886.8,0,0,0,0,,7895,52.03,10837271,0.66,1886.8,7278,47.97,1635024473,99.34,11.5
20,013,Kansas,Brown,9984,1478551884,3151,31.56,5588159,0.38,1460.4,0,0,0,0,,3151,31.56,5588159,0.38,1460.4,6833,68.44,1472963725,99.62,12
20,015,Kansas,Butler,65880,3703329246,39216,59.53,55737548,1.51,1822.3,11492,17.44,18749026,0.51,1587.5,27724,42.08,36988522,1,1941.3,26664,40.47,3647591698,98.49,18.9
20,017,Kansas,Chase,2790,2002216830,0,0,0,0,,0,0,0,0,,0,0,0,0,,2790,100,2002216830,100,3.6
20,019,Kansas,Chautauqua,3669,1654693205,0,0,0,0,,0,0,0,0,,0,0,0,0,,3669,100,1654693205,100,5.7
20,021,Kansas,Cherokee,21603,1521793550,11004,50.94,20562849,1.35,1386,0,0,0,0,,11004,50.94,20562849,1.35,1386,10599,49.06,1501230701,98.65,18.3
20,023,Kansas,Cheyenne,2726,2641495949,0,0,0,0,,0,0,0,0,,0,0,0,0,,2726,100,2641495949,100,2.7
20,025,Kansas,Clark,2215,2524286181,0,0,0,0,,0,0,0,0,,0,0,0,0,,2215,100,2524286181,100,2.3
20,027,Kansas,Clay,8535,1671322093,4307,50.46,5608574,0.34,1988.9,0,0,0,0,,4307,50.46,5608574,0.34,1988.9,4228,49.54,1665713519,99.66,6.6
20,029,Kansas,Cloud,9533,1852726587,5340,56.02,6465251,0.35,2139.2,0,0,0,0,,5340,56.02,6465251,0.35,2139.2,4193,43.98,1846261336,99.65,5.9
20,031,Kansas,Coffey,8601,1623784229,2503,29.1,4148454,0.26,1562.7,0,0,0,0,,2503,29.1,4148454,0.26,1562.7,6098,70.9,1619635775,99.74,9.8
20,033,Kansas,Comanche,1891,2041681413,0,0,0,0,,0,0,0,0,,0,0,0,0,,1891,100,2041681413,100,2.4
20,035,Kansas,Cowley,36311,2915679697,25055,69,40068942,1.37,1619.5,0,0,0,0,,25055,69,40068942,1.37,1619.5,11256,31,2875610755,98.63,10.1
20,037,Kansas,Crawford,39134,1527461827,25465,65.07,34003136,2.23,1939.6,0,0,0,0,,25465,65.07,34003136,2.23,1939.6,13669,34.93,1493458691,97.77,23.7
20,039,Kansas,Decatur,2961,2314199313,0,0,0,0,,0,0,0,0,,0,0,0,0,,2961,100,2314199313,100,3.3
20,041,Kansas,Dickinson,19754,2193906542,7054,35.71,8773263,0.4,2082.4,0,0,0,0,,7054,35.71,8773263,0.4,2082.4,12700,64.29,2185133279,99.6,15.1
20,043,Kansas,Doniphan,7945,1018914848,2368,29.8,8392063,0.82,730.8,2368,29.8,8392063,0.82,730.8,0,0,0,0,,5577,70.2,1010522785,99.18,14.3
20,045,Kansas,Douglas,110826,1180699859,98621,88.99,90667192,7.68,2817.2,88053,79.45,78847501,6.68,2892.4,10568,9.54,11819691,1,2315.7,12205,11.01,1090032667,92.32,29
20,047,Kansas,Edwards,3037,1610697086,0,0,0,0,,0,0,0,0,,0,0,0,0,,3037,100,1610697086,100,4.9
20,049,Kansas,Elk,2882,1668637984,0,0,0,0,,0,0,0,0,,0,0,0,0,,2882,100,1668637984,100,4.5
20,051,Kansas,Ellis,28452,2330762469,21180,74.44,26435139,1.13,2075.1,0,0,0,0,,21180,74.44,26435139,1.13,2075.1,7272,25.56,2304327330,98.87,8.2
20,053,Kansas,Ellsworth,6497,1854034693,2982,45.9,3388786,0.18,2279.1,0,0,0,0,,2982,45.9,3388786,0.18,2279.1,3515,54.1,1850645907,99.82,4.9
20,055,Kansas,Finney,36776,3372079580,29942,81.42,33320310,0.99,2327.4,0,0,0,0,,29942,81.42,33320310,0.99,2327.4,6834,18.58,3338759270,99.01,5.3
20,057,Kansas,Ford,33848,2844508251,27316,80.7,27889363,0.98,2536.7,0,0,0,0,,27316,80.7,27889363,0.98,2536.7,6532,19.3,2816618888,99.02,6
20,059,Kansas,Franklin,25992,1480840246,12450,47.9,13961389,0.94,2309.6,0,0,0,0,,12450,47.9,13961389,0.94,2309.6,13542,52.1,1466878857,99.06,23.9
20,061,Kansas,Geary,34362,996156662,30351,88.33,47713473,4.79,1647.5,0,0,0,0,,30351,88.33,47713473,4.79,1647.5,4011,11.67,948443189,95.21,11
20,063,Kansas,Gove,2695,2775599078,0,0,0,0,,0,0,0,0,,0,0,0,0,,2695,100,2775599078,100,2.5
20,065,Kansas,Graham,2597,2327160854,0,0,0,0,,0,0,0,0,,0,0,0,0,,2597,100,2327160854,100,2.9
20,067,Kansas,Grant,7829,1488724794,6279,80.2,6260127,0.42,2597.8,0,0,0,0,,6279,80.2,6260127,0.42,2597.8,1550,19.8,1482464667,99.58,2.7
20,069,Kansas,Gray,6006,2250356182,0,0,0,0,,0,0,0,0,,0,0,0,0,,6006,100,2250356182,100,6.9
20,071,Kansas,Greeley,1247,2016176814,0,0,0,0,,0,0,0,0,,0,0,0,0,,1247,100,2016176814,100,1.6
20,073,Kansas,Greenwood,6689,2961132699,2591,38.74,3821324,0.13,1756.1,0,0,0,0,,2591,38.74,3821324,0.13,1756.1,4098,61.26,2957311375,99.87,3.6
20,075,Kansas,Hamilton,2690,2580942885,0,0,0,0,,0,0,0,0,,0,0,0,0,,2690,100,2580942885,100,2.7
20,077,Kansas,Harper,6034,2075276375,0,0,0,0,,0,0,0,0,,0,0,0,0,,6034,100,2075276375,100,7.5
20,079,Kansas,Harvey,34684,1397957172,23960,69.08,30886285,2.21,2009.2,0,0,0,0,,23960,69.08,30886285,2.21,2009.2,10724,30.92,1367070887,97.79,20.3
20,081,Kansas,Haskell,4256,1495773065,0,0,0,0,,0,0,0,0,,0,0,0,0,,4256,100,1495773065,100,7.4
20,083,Kansas,Hodgeman,1916,2227369168,0,0,0,0,,0,0,0,0,,0,0,0,0,,1916,100,2227369168,100,2.2
20,085,Kansas,Jackson,13462,1699594134,3245,24.1,3797957,0.22,2212.9,0,0,0,0,,3245,24.1,3797957,0.22,2212.9,10217,75.9,1695796177,99.78,15.6
20,087,Kansas,Jefferson,19126,1379359803,226,1.18,609252,0.04,960.7,226,1.18,609252,0.04,960.7,0,0,0,0,,18900,98.82,1378750551,99.96,35.5
20,089,Kansas,Jewell,3077,2356321996,0,0,0,0,,0,0,0,0,,0,0,0,0,,3077,100,2356321996,100,3.4
20,091,Kansas,Johnson,544179,1226034453,523317,96.17,529889421,43.22,2557.9,515552,94.74,514713568,41.98,2594.2,7765,1.43,15175853,1.24,1325.2,20862,3.83,696145032,56.78,77.6
20,093,Kansas,Kearny,3977,2254697108,0,0,0,0,,0,0,0,0,,0,0,0,0,,3977,100,2254697108,100,4.6
20,095,Kansas,Kingman,7858,2236099115,2978,37.9,4803245,0.21,1605.8,0,0,0,0,,2978,37.9,4803245,0.21,1605.8,4880,62.1,2231295870,99.79,5.7
20,097,Kansas,Kiowa,2553,1871626797,0,0,0,0,,0,0,0,0,,0,0,0,0,,2553,100,1871626797,100,3.5
20,099,Kansas,Labette,21607,1671305414,10298,47.66,14176969,0.85,1881.3,0,0,0,0,,10298,47.66,14176969,0.85,1881.3,11309,52.34,1657128445,99.15,17.7
20,101,Kansas,Lane,1750,1858200248,0,0,0,0,,0,0,0,0,,0,0,0,0,,1750,100,1858200248,100,2.4
20,103,Kansas,Leavenworth,76227,1198726879,54073,70.94,66031788,5.51,2120.9,0,0,0,0,,54073,70.94,66031788,5.51,2120.9,22154,29.06,1132695091,94.49,50.7
20,105,Kansas,Lincoln,3241,1863226611,0,0,0,0,,0,0,0,0,,0,0,0,0,,3241,100,1863226611,100,4.5
20,107,Kansas,Linn,9656,1538604962,0,0,0,0,,0,0,0,0,,0,0,0,0,,9656,100,1538604962,100,16.3
20,109,Kansas,Logan,2756,2779042457,0,0,0,0,,0,0,0,0,,0,0,0,0,,2756,100,2779042457,100,2.6
20,111,Kansas,Lyon,33690,2194947808,24830,73.7,28720165,1.31,2239.2,0,0,0,0,,24830,73.7,28720165,1.31,2239.2,8860,26.3,2166227643,98.69,10.6
20,113,Kansas,McPherson,29180,2326520077,16488,56.5,21885778,0.94,1951.2,0,0,0,0,,16488,56.5,21885778,0.94,1951.2,12692,43.5,2304634299,99.06,14.3
20,115,Kansas,Marion,12660,2445700985,2815,22.24,2964892,0.12,2459,0,0,0,0,,2815,22.24,2964892,0.12,2459,9845,77.76,2442736093,99.88,10.4
20,117,Kansas,Marshall,10117,2331463499,2937,29.03,3906167,0.17,1947.4,0,0,0,0,,2937,29.03,3906167,0.17,1947.4,7180,70.97,2327557332,99.83,8
20,119,Kansas,Meade,4575,2533234935,0,0,0,0,,0,0,0,0,,0,0,0,0,,4575,100,2533234935,100,4.7
20,121,Kansas,Miami,32787,1490955548,16082,49.05,22744321,1.53,1831.3,0,0,0,0,,16082,49.05,22744321,1.53,1831.3,16705,50.95,1468211227,98.47,29.5
20,123,Kansas,Mitchell,6373,1817632788,3295,51.7,4664415,0.26,1829.6,0,0,0,0,,3295,51.7,4664415,0.26,1829.6,3078,48.3,1812968373,99.74,4.4
20,125,Kansas,Montgomery,35471,1666728264,20068,56.58,30620894,1.84,1697.4,0,0,0,0,,20068,56.58,30620894,1.84,1697.4,15403,43.42,1636107370,98.16,24.4
20,127,Kansas,Morris,5923,1800763909,0,0,0,0,,0,0,0,0,,0,0,0,0,,5923,100,1800763909,100,8.5
20,129,Kansas,Morton,3233,1889993253,0,0,0,0,,0,0,0,0,,0,0,0,0,,3233,100,1889993253,100,4.4
20,131,Kansas,Nemaha,10178,1858126462,2520,24.76,3855114,0.21,1693,0,0,0,0,,2520,24.76,3855114,0.21,1693,7658,75.24,1854271348,99.79,10.7
20,133,Kansas,Neosho,16512,1480106485,9059,54.86,13781449,0.93,1702.5,0,0,0,0,,9059,54.86,13781449,0.93,1702.5,7453,45.14,1466325036,99.07,13.2
20,135,Kansas,Ness,3107,2783590502,0,0,0,0,,0,0,0,0,,0,0,0,0,,3107,100,2783590502,100,2.9
20,137,Kansas,Norton,5671,2274357034,2893,51.01,3513071,0.15,2132.8,0,0,0,0,,2893,51.01,3513071,0.15,2132.8,2778,48.99,2270843963,99.85,3.2
20,139,Kansas,Osage,16295,1827283988,2683,16.47,4808651,0.26,1445.1,0,0,0,0,,2683,16.47,4808651,0.26,1445.1,13612,83.53,1822475337,99.74,19.3
20,141,Kansas,Osborne,3858,2311573881,0,0,0,0,,0,0,0,0,,0,0,0,0,,3858,100,2311573881,100,4.3
20,143,Kansas,Ottawa,6091,1866689468,0,0,0,0,,0,0,0,0,,0,0,0,0,,6091,100,1866689468,100,8.5
20,145,Kansas,Pawnee,6973,1953531750,4764,68.32,7064369,0.36,1746.6,0,0,0,0,,4764,68.32,7064369,0.36,1746.6,2209,31.68,1946467381,99.64,2.9
20,147,Kansas,Phillips,5642,2294410181,2609,46.24,4266432,0.19,1583.8,0,0,0,0,,2609,46.24,4266432,0.19,1583.8,3033,53.76,2290143749,99.81,3.4
20,149,Kansas,Pottawatomie,21604,2178235871,8876,41.08,14597606,0.67,1574.8,1789,8.28,6878548,0.32,673.6,7087,32.8,7719058,0.35,2377.9,12728,58.92,2163638265,99.33,15.2
20,151,Kansas,Pratt,9656,1903757176,6546,67.79,7122202,0.37,2380.5,0,0,0,0,,6546,67.79,7122202,0.37,2380.5,3110,32.21,1896634974,99.63,4.2
20,153,Kansas,Rawlins,2519,2769775797,0,0,0,0,,0,0,0,0,,0,0,0,0,,2519,100,2769775797,100,2.4
20,155,Kansas,Reno,64511,3251332369,44320,68.7,55890984,1.72,2053.8,0,0,0,0,,44320,68.7,55890984,1.72,2053.8,20191,31.3,3195441385,98.28,16.4
20,157,Kansas,Republic,4980,1857981647,0,0,0,0,,0,0,0,0,,0,0,0,0,,4980,100,1857981647,100,6.9
20,159,Kansas,Rice,10083,1880944775,3652,36.22,4512303,0.24,2096.2,0,0,0,0,,3652,36.22,4512303,0.24,2096.2,6431,63.78,1876432472,99.76,8.9
20,161,Kansas,Riley,71115,1579300177,61269,86.15,57320314,3.63,2768.4,52833,74.29,46769698,2.96,2925.8,8436,11.86,10550616,0.67,2070.9,9846,13.85,1521979863,96.37,16.8
20,163,Kansas,Rooks,5181,2306470146,0,0,0,0,,0,0,0,0,,0,0,0,0,,5181,100,2306470146,100,5.8
20,165,Kansas,Rush,3307,1858997569,0,0,0,0,,0,0,0,0,,0,0,0,0,,3307,100,1858997569,100,4.6
20,167,Kansas,Russell,6970,2295402664,4108,58.94,5347451,0.23,1989.7,0,0,0,0,,4108,58.94,5347451,0.23,1989.7,2862,41.06,2290055213,99.77,3.2
20,169,Kansas,Saline,55606,1865373525,47493,85.41,59393734,3.18,2071,0,0,0,0,,47493,85.41,59393734,3.18,2071,8113,14.59,1805979791,96.82,11.6
20,171,Kansas,Scott,4936,1858430303,3647,73.89,3917108,0.21,2411.4,0,0,0,0,,3647,73.89,3917108,0.21,2411.4,1289,26.11,1854513195,99.79,1.8
20,173,Kansas,Sedgwick,498365,2583543968,460197,92.34,535686107,20.73,2225,460197,92.34,535686107,20.73,2225,0,0,0,0,,38168,7.66,2047857861,79.27,48.3
20,175,Kansas,Seward,22952,1656290756,20329,88.57,23950164,1.45,2198.4,0,0,0,0,,20329,88.57,23950164,1.45,2198.4,2623,11.43,1632340592,98.55,4.2
20,177,Kansas,Shawnee,177934,1408995941,149777,84.18,205518566,14.59,1887.5,149777,84.18,205518566,14.59,1887.5,0,0,0,0,,28157,15.82,1203477375,85.41,60.6
20,179,Kansas,Sheridan,2556,2320518450,0,0,0,0,,0,0,0,0,,0,0,0,0,,2556,100,2320518450,100,2.9
20,181,Kansas,Sherman,6010,2735199253,4553,75.76,6997608,0.26,1685.2,0,0,0,0,,4553,75.76,6997608,0.26,1685.2,1457,24.24,2728201645,99.74,1.4
20,183,Kansas,Smith,3853,2319243495,0,0,0,0,,0,0,0,0,,0,0,0,0,,3853,100,2319243495,100,4.3
20,185,Kansas,Stafford,4437,2051389748,0,0,0,0,,0,0,0,0,,0,0,0,0,,4437,100,2051389748,100,5.6
20,187,Kansas,Stanton,2235,1762086193,0,0,0,0,,0,0,0,0,,0,0,0,0,,2235,100,1762086193,100,3.3
20,189,Kansas,Stevens,5724,1883679100,3936,68.76,4269741,0.23,2387.5,0,0,0,0,,3936,68.76,4269741,0.23,2387.5,1788,31.24,1879409359,99.77,2.5
20,191,Kansas,Sumner,24132,3061212453,8964,37.15,12010369,0.39,1933.1,1181,4.89,1740141,0.06,1757.8,7783,32.25,10270228,0.34,1962.7,15168,62.85,3049202084,99.61,12.9
20,193,Kansas,Thomas,7900,2783425324,5463,69.15,7751897,0.28,1825.2,0,0,0,0,,5463,69.15,7751897,0.28,1825.2,2437,30.85,2775673427,99.72,2.3
20,195,Kansas,Trego,3001,2303736575,0,0,0,0,,0,0,0,0,,0,0,0,0,,3001,100,2303736575,100,3.4
20,197,Kansas,Wabaunsee,7053,2057231892,0,0,0,0,,0,0,0,0,,0,0,0,0,,7053,100,2057231892,100,8.9
20,199,Kansas,Wallace,1485,2366348080,0,0,0,0,,0,0,0,0,,0,0,0,0,,1485,100,2366348080,100,1.6
20,201,Kansas,Washington,5799,2317406254,0,0,0,0,,0,0,0,0,,0,0,0,0,,5799,100,2317406254,100,6.5
20,203,Kansas,Wichita,2234,1861082136,0,0,0,0,,0,0,0,0,,0,0,0,0,,2234,100,1861082136,100,3.1
20,205,Kansas,Wilson,9409,1477377048,2570,27.31,3701560,0.25,1798.2,0,0,0,0,,2570,27.31,3701560,0.25,1798.2,6839,72.69,1473675488,99.75,12
20,207,Kansas,Woodson,3309,1289347304,0,0,0,0,,0,0,0,0,,0,0,0,0,,3309,100,1289347304,100,6.6
20,209,Kansas,Wyandotte,157505,392642353,147956,93.94,205902037,52.44,1861.1,147956,93.94,205902037,52.44,1861.1,0,0,0,0,,9549,6.06,186740316,47.56,132.4
29,001,Missouri,Adair,25607,1469361117,15914,62.15,16945969,1.15,2432.3,0,0,0,0,,15914,62.15,16945969,1.15,2432.3,9693,37.85,1452415148,98.85,17.3
29,003,Missouri,Andrew,17291,1120694861,6695,38.72,9181686,0.82,1888.5,1557,9,1501236,0.13,2686.2,5138,29.71,7680450,0.69,1732.6,10596,61.28,1111513175,99.18,24.7
29,005,Missouri,Atchison,5685,1417505255,0,0,0,0,,0,0,0,0,,0,0,0,0,,5685,100,1417505255,100,10.4
29,007,Missouri,Audrain,25529,1792879633,15012,58.8,18311624,1.02,2123.3,0,0,0,0,,15012,58.8,18311624,1.02,2123.3,10517,41.2,1774568009,98.98,15.3
29,009,Missouri,Barry,35597,2015660483,9517,26.74,18886704,0.94,1305.1,0,0,0,0,,9517,26.74,18886704,0.94,1305.1,26080,73.26,1996773779,99.06,33.8
29,011,Missouri,Barton,12402,1533067694,4470,36.04,7192552,0.47,1609.6,0,0,0,0,,4470,36.04,7192552,0.47,1609.6,7932,63.96,1525875142,99.53,13.5
29,013,Missouri,Bates,17049,2167014473,3875,22.73,5541871,0.26,1811,0,0,0,0,,3875,22.73,5541871,0.26,1811,13174,77.27,2161472602,99.74,15.8
29,015,Missouri,Benton,19056,1823507941,2565,13.46,6664565,0.37,996.8,0,0,0,0,,2565,13.46,6664565,0.37,996.8,16491,86.54,1816843376,99.63,23.5
29,017,Missouri,Bollinger,12363,1600368466,0,0,0,0,,0,0,0,0,,0,0,0,0,,12363,100,1600368466,100,20
29,019,Missouri,Boone,162642,1775212930,132088,81.21,169527830,9.55,2018,124748,76.7,160085068,9.02,2018.3,7340,4.51,9442762,0.53,2013.2,30554,18.79,1605685100,90.45,49.3
29,021,Missouri,Buchanan,89201,1056784404,77273,86.63,98622240,9.33,2029.3,77251,86.6,98487350,9.32,2031.5,22,0.02,134890,0.01,422.4,11928,13.37,958162164,90.67,32.2
29,023,Missouri,Butler,42794,1799185123,20463,47.82,40669174,2.26,1303.2,0,0,0,0,,20463,47.82,40669174,2.26,1303.2,22331,52.18,1758515949,97.74,32.9
29,025,Missouri,Caldwell,9424,1104352197,0,0,0,0,,0,0,0,0,,0,0,0,0,,9424,100,1104352197,100,22.1
29,027,Missouri,Callaway,44332,2161538606,16834,37.97,28393683,1.31,1535.5,4637,10.46,11360203,0.53,1057.2,12197,27.51,17033480,0.79,1854.6,27498,62.03,2133144923,98.69,33.4
29,029,Missouri,Camden,44002,1698831838,11340,25.77,41236708,2.43,712.2,0,0,0,0,,11340,25.77,41236708,2.43,712.2,32662,74.23,1657595130,97.57,51
29,031,Missouri,Cape Girardeau,75674,1498398199,52591,69.5,89541290,5.98,1521.2,52591,69.5,89541290,5.98,1521.2,0,0,0,0,,23083,30.5,1408856909,94.02,42.4
29,033,Missouri,Carroll,9295,1799061284,3296,35.46,5620507,0.31,1518.8,0,0,0,0,,3296,35.46,5620507,0.31,1518.8,5999,64.54,1793440777,99.69,8.7
29,035,Missouri,Carter,6265,1314058615,0,0,0,0,,0,0,0,0,,0,0,0,0,,6265,100,1314058615,100,12.3
29,037,Missouri,Cass,99478,1804797172,67245,67.6,96056581,5.32,1813.1,49838,50.1,69834176,3.87,1848.4,17407,17.5,26222405,1.45,1719.3,32233,32.4,1708740591,94.68,48.9
29,039,Missouri,Cedar,13982,1228906021,3454,24.7,4952838,0.4,1806.2,0,0,0,0,,3454,24.7,4952838,0.4,1806.2,10528,75.3,1223953183,99.6,22.3
29,041,Missouri,Chariton,7831,1945550588,0,0,0,0,,0,0,0,0,,0,0,0,0,,7831,100,1945550588,100,10.4
29,043,Missouri,Christian,77422,1457243827,42740,55.2,73062945,5.01,1515.1,42740,55.2,73062945,5.01,1515.1,0,0,0,0,,34682,44.8,1384180882,94.99,64.9
29,045,Missouri,Clark,7139,1307146971,0,0,0,0,,0,0,0,0,,0,0,0,0,,7139,100,1307146971,100,14.1
29,047,Missouri,Clay,221939,1028998027,200154,90.18,263425134,25.6,1967.9,179607,80.93,234451987,22.78,1984.1,20547,9.26,28973147,2.82,1836.8,21785,9.82,765572893,74.4,73.7
29,049,Missouri,Clinton,20743,1085089929,4935,23.79,6751193,0.62,1893.2,0,0,0,0,,4935,23.79,6751193,0.62,1893.2,15808,76.21,1078338736,99.38,38
29,051,Missouri,Cole,75990,1019808362,53896,70.93,92210531,9.04,1513.8,53896,70.93,92210531,9.04,1513.8,0,0,0,0,,22094,29.07,927597831,90.96,61.7
29,053,Missouri,Cooper,17601,1462735802,8237,46.8,11846229,0.81,1800.9,0,0,0,0,,8237,46.8,11846229,0.81,1800.9,9364,53.2,1450889573,99.19,16.7
29,055,Missouri,Crawford,24696,1923109129,6592,26.69,14413075,0.75,1184.6,0,0,0,0,,6592,26.69,14413075,0.75,1184.6,18104,73.31,1908696054,99.25,24.6
29,057,Missouri,Dade,7883,1269124871,0,0,0,0,,0,0,0,0,,0,0,0,0,,7883,100,1269124871,100,16.1
29,059,Missouri,Dallas,16777,1400586526,3031,18.07,5509664,0.39,1424.8,0,0,0,0,,3031,18.07,5509664,0.39,1424.8,13746,81.93,1395076862,99.61,25.5
29,061,Missouri,Daviess,8433,1458784509,0,0,0,0,,0,0,0,0,,0,0,0,0,,8433,100,1458784509,100,15
29,063,Missouri,DeKalb,12892,1091307336,4847,37.6,3735703,0.34,3360.5,0,0,0,0,,4847,37.6,3735703,0.34,3360.5,8045,62.4,1087571633,99.66,19.2
29,065,Missouri,Dent,15657,1949717319,4921,31.43,8997436,0.46,1416.6,0,0,0,0,,4921,31.43,8997436,0.46,1416.6,10736,68.57,1940719883,99.54,14.3
29,067,Missouri,Douglas,13684,2107296301,2857,20.88,5412267,0.26,1367.2,0,0,0,0,,2857,20.88,5412267,0.26,1367.2,10827,79.12,2101884034,99.74,13.3
29,069,Missouri,Dunklin,31953,1401361859,15831,49.54,23365586,1.67,1754.8,0,0,0,0,,15831,49.54,23365586,1.67,1754.8,16122,50.46,1377996273,98.33,30.3
29,071,Missouri,Franklin,101492,2389732948,45064,44.4,76168208,3.19,1532.3,0,0,0,0,,45064,44.4,76168208,3.19,1532.3,56428,55.6,2313564740,96.81,63.2
29,073,Missouri,Gasconade,15222,1341103601,2912,19.13,4940884,0.37,1526.5,0,0,0,0,,2912,19.13,4940884,0.37,1526.5,12310,80.87,1336162717,99.63,23.9
29,075,Missouri,Gentry,6738,1272776760,0,0,0,0,,0,0,0,0,,0,0,0,0,,6738,100,1272776760,100,13.7
29,077,Missouri,Greene,275174,1749030414,236656,86,313536889,17.93,1954.9,230984,83.94,295505380,16.9,2024.5,5672,2.06,18031509,1.03,814.7,38518,14,1435493525,82.07,69.5
29,079,Missouri,Grundy,10261,1127360747,5596,54.54,9155138,0.81,1583.1,0,0,0,0,,5596,54.54,9155138,0.81,1583.1,4665,45.46,1118205609,99.19,10.8
29,081,Missouri,Harrison,8957,1871276203,2652,29.61,3968741,0.21,1730.7,0,0,0,0,,2652,29.61,3968741,0.21,1730.7,6305,70.39,1867307462,99.79,8.7
29,083,Missouri,Henry,22272,1805085008,11237,50.45,17433447,0.97,1669.4,0,0,0,0,,11237,50.45,17433447,0.97,1669.4,11035,49.55,1787651561,99.03,16
29,085,Missouri,Hickory,9627,1033641536,0,0,0,0,,0,0,0,0,,0,0,0,0,,9627,100,1033641536,100,24.1
29,087,Missouri,Holt,4912,1198369596,0,0,0,0,,0,0,0,0,,0,0,0,0,,4912,100,1198369596,100,10.6
29,089,Missouri,Howard,10144,1201362829,3646,35.94,7041781,0.59,1341,0,0,0,0,,3646,35.94,7041781,0.59,1341,6498,64.06,1194321048,99.41,14.1
29,091,Missouri,Howell,40400,2401562178,11242,27.83,20936153,0.87,1390.7,0,0,0,0,,11242,27.83,20936153,0.87,1390.7,29158,72.17,2380626025,99.13,31.7
29,093,Missouri,Iron,10630,1425165244,2673,25.15,5599796,0.39,1236.3,0,0,0,0,,2673,25.15,5599796,0.39,1236.3,7957,74.85,1419565448,99.61,14.5
29,095,Missouri,Jackson,674158,1565549922,648291,96.16,710448875,45.38,2363.4,645257,95.71,704318350,44.99,2372.8,3034,0.45,6130525,0.39,1281.8,25867,3.84,855101047,54.62,78.3
29,097,Missouri,Jasper,117404,1653674930,89589,76.31,165028308,9.98,1406,74063,63.08,141446819,8.55,1356.1,15526,13.22,23581489,1.43,1705.2,27815,23.69,1488646622,90.02,48.4
29,099,Missouri,Jefferson,218733,1700660922,152684,69.8,294005736,17.29,1345,142807,65.29,277831498,16.34,1331.3,9877,4.52,16174238,0.95,1581.6,66049,30.2,1406655186,82.71,121.6
29,101,Missouri,Johnson,52595,2147829735,26064,49.56,45929813,2.14,1469.8,0,0,0,0,,26064,49.56,45929813,2.14,1469.8,26531,50.44,2101899922,97.86,32.7
29,103,Missouri,Knox,4131,1305381639,0,0,0,0,,0,0,0,0,,0,0,0,0,,4131,100,1305381639,100,8.2
29,105,Missouri,Laclede,35571,1980608825,14046,39.49,31719811,1.6,1146.9,0,0,0,0,,14046,39.49,31719811,1.6,1146.9,21525,60.51,1948889014,98.4,28.6
29,107,Missouri,Lafayette,33381,1627634631,14371,43.05,17449189,1.07,2133.1,44,0.13,146625,0.01,777.2,14327,42.92,17302564,1.06,2144.6,19010,56.95,1610185442,98.93,30.6
29,109,Missouri,Lawrence,38634,1584390538,15961,41.31,26950037,1.7,1533.9,0,0,0,0,,15961,41.31,26950037,1.7,1533.9,22673,58.69,1557440501,98.3,37.7
29,111,Missouri,Lewis,10211,1308052730,0,0,0,0,,0,0,0,0,,0,0,0,0,,10211,100,1308052730,100,20.2
29,113,Missouri,Lincoln,52566,1622772175,13231,25.17,22503048,1.39,1522.8,0,0,0,0,,13231,25.17,22503048,1.39,1522.8,39335,74.83,1600269127,98.61,63.7
29,115,Missouri,Linn,12761,1594303225,4281,33.55,7607999,0.48,1457.4,0,0,0,0,,4281,33.55,7607999,0.48,1457.4,8480,66.45,1586695226,99.52,13.8
29,117,Missouri,Livingston,15195,1378726390,9633,63.4,19545794,1.42,1276.5,0,0,0,0,,9633,63.4,19545794,1.42,1276.5,5562,36.6,1359180596,98.58,10.6
29,119,Missouri,McDonald,23083,1397247203,2,0.01,647850,0.05,8,2,0.01,647850,0.05,8,0,0,0,0,,23081,99.99,1396599353,99.95,42.8
29,121,Missouri,Macon,15566,2075167141,5014,32.21,7767208,0.37,1671.9,0,0,0,0,,5014,32.21,7767208,0.37,1671.9,10552,67.79,2067399933,99.63,13.2
29,123,Missouri,Madison,12226,1280463424,4217,34.49,6048896,0.47,1805.6,0,0,0,0,,4217,34.49,6048896,0.47,1805.6,8009,65.51,1274414528,99.53,16.3
29,125,Missouri,Maries,9176,1364869338,0,0,0,0,,0,0,0,0,,0,0,0,0,,9176,100,1364869338,100,17.4
29,127,Missouri,Marion,28781,1131627516,21653,75.23,30192694,2.67,1857.4,0,0,0,0,,21653,75.23,30192694,2.67,1857.4,7128,24.77,1101434822,97.33,16.8
29,129,Missouri,Mercer,3785,1175427598,0,0,0,0,,0,0,0,0,,0,0,0,0,,3785,100,1175427598,100,8.3
29,131,Missouri,Miller,24748,1534813196,5004,20.22,7971976,0.52,1625.7,0,0,0,0,,5004,20.22,7971976,0.52,1625.7,19744,79.78,1526841220,99.48,33.5
29,133,Missouri,Mississippi,14358,1065995440,9663,67.3,14743084,1.38,1697.5,0,0,0,0,,9663,67.3,14743084,1.38,1697.5,4695,32.7,1051252356,98.62,11.6
29,135,Missouri,Moniteau,15607,1074910753,7382,47.3,9148989,0.85,2089.8,0,0,0,0,,7382,47.3,9148989,0.85,2089.8,8225,52.7,1065761764,99.15,20
29,137,Missouri,Monroe,8840,1677414025,0,0,0,0,,0,0,0,0,,0,0,0,0,,8840,100,1677414025,100,13.6
29,139,Missouri,Montgomery,12236,1388874432,2629,21.49,4506161,0.32,1511.1,0,0,0,0,,2629,21.49,4506161,0.32,1511.1,9607,78.51,1384368271,99.68,18
29,141,Missouri,Morgan,20565,1547855851,0,0,0,0,,0,0,0,0,,0,0,0,0,,20565,100,1547855851,100,34.4
29,143,Missouri,New Madrid,18956,1747828331,8177,43.14,12807775,0.73,1653.6,0,0,0,0,,8177,43.14,12807775,0.73,1653.6,10779,56.86,1735020556,99.27,16.1
29,145,Missouri,Newton,58114,1618133227,20667,35.56,46660034,2.88,1147.2,8712,14.99,25387105,1.57,888.8,11955,20.57,21272929,1.31,1455.5,37447,64.44,1571473193,97.12,61.7
29,147,Missouri,Nodaway,23370,2271326393,13220,56.57,14019054,0.62,2442.4,0,0,0,0,,13220,56.57,14019054,0.62,2442.4,10150,43.43,2257307339,99.38,11.6
29,149,Missouri,Oregon,10881,2045561195,2118,19.47,3896467,0.19,1407.8,0,0,0,0,,2118,19.47,3896467,0.19,1407.8,8763,80.53,2041664728,99.81,11.1
29,151,Missouri,Osage,13878,1565248144,0,0,0,0,,0,0,0,0,,0,0,0,0,,13878,100,1565248144,100,23
29,153,Missouri,Ozark,9723,1929467474,0,0,0,0,,0,0,0,0,,0,0,0,0,,9723,100,1929467474,100,13.1
29,155,Missouri,Pemiscot,18296,1275682068,9282,50.73,11837298,0.93,2030.9,0,0,0,0,,9282,50.73,11837298,0.93,2030.9,9014,49.27,1263844770,99.07,18.5
29,157,Missouri,Perry,18971,1228570257,8419,44.38,16873094,1.37,1292.3,0,0,0,0,,8419,44.38,16873094,1.37,1292.3,10552,55.62,1211697163,98.63,22.6
29,159,Missouri,Pettis,42201,1766947035,26258,62.22,48810036,2.76,1393.3,0,0,0,0,,26258,62.22,48810036,2.76,1393.3,15943,37.78,1718136999,97.24,24
29,161,Missouri,Phelps,45156,1739911952,24283,53.78,33346125,1.92,1886.1,0,0,0,0,,24283,53.78,33346125,1.92,1886.1,20873,46.22,1706565827,98.08,31.7
29,163,Missouri,Pike,18516,1736425445,8447,45.62,10489720,0.6,2085.6,0,0,0,0,,8447,45.62,10489720,0.6,2085.6,10069,54.38,1725935725,99.4,15.1
29,165,Missouri,Platte,89322,1088286859,75202,84.19,148471734,13.64,1311.8,66244,74.16,133243029,12.24,1287.7,8958,10.03,15228705,1.4,1523.5,14120,15.81,939815125,86.36,38.9
29,167,Missouri,Polk,31137,1645996569,9693,31.13,13897852,0.84,1806.4,0,0,0,0,,9693,31.13,13897852,0.84,1806.4,21444,68.87,1632098717,99.16,34
29,169,Missouri,Pulaski,52274,1416979227,29257,55.97,67162938,4.74,1128.2,0,0,0,0,,29257,55.97,67162938,4.74,1128.2,23017,44.03,1349816289,95.26,44.2
29,171,Missouri,Putnam,4979,1339845120,0,0,0,0,,0,0,0,0,,0,0,0,0,,4979,100,1339845120,100,9.6
29,173,Missouri,Ralls,10167,1216726347,396,3.89,2009217,0.17,510.5,0,0,0,0,,396,3.89,2009217,0.17,510.5,9771,96.11,1214717130,99.83,20.8
29,175,Missouri,Randolph,25414,1250145642,13933,54.82,22173773,1.77,1627.4,0,0,0,0,,13933,54.82,22173773,1.77,1627.4,11481,45.18,1227971869,98.23,24.2
29,177,Missouri,Ray,23494,1473198814,5822,24.78,11249694,0.76,1340.4,0,0,0,0,,5822,24.78,11249694,0.76,1340.4,17672,75.22,1461949120,99.24,31.3
29,179,Missouri,Reynolds,6696,2093947170,0,0,0,0,,0,0,0,0,,0,0,0,0,,6696,100,2093947170,100,8.3
29,181,Missouri,Ripley,14100,1630492528,0,0,0,0,,0,0,0,0,,0,0,0,0,,14100,100,1630492528,100,22.4
29,183,Missouri,St. Charles,360485,1451520382,339467,94.17,370793290,25.55,2371.2,339467,94.17,370793290,25.55,2371.2,0,0,0,0,,21018,5.83,1080727092,74.45,50.4
29,185,Missouri,St. Clair,9805,1735247885,0,0,0,0,,0,0,0,0,,0,0,0,0,,9805,100,1735247885,100,14.6
29,186,Missouri,Ste. Genevieve,18145,1292799524,4329,23.86,6363616,0.49,1761.9,0,0,0,0,,4329,23.86,6363616,0.49,1761.9,13816,76.14,1286435908,99.51,27.8
29,187,Missouri,St. Francois,65359,1170380864,39370,60.24,58976847,5.04,1728.9,0,0,0,0,,39370,60.24,58976847,5.04,1728.9,25989,39.76,1111404017,94.96,60.6
29,189,Missouri,St. Louis,998954,1315195242,987586,98.86,985574110,74.94,2595.3,976323,97.73,960072032,73,2633.8,11263,1.13,25502078,1.94,1143.9,11368,1.14,329621132,25.06,89.3
29,195,Missouri,Saline,23370,1956746210,12665,54.19,16073123,0.82,2040.8,0,0,0,0,,12665,54.19,16073123,0.82,2040.8,10705,45.81,1940673087,99.18,14.3
29,197,Missouri,Schuyler,4431,795911533,0,0,0,0,,0,0,0,0,,0,0,0,0,,4431,100,795911533,100,14.4
29,199,Missouri,Scotland,4843,1130971492,0,0,0,0,,0,0,0,0,,0,0,0,0,,4843,100,1130971492,100,11.1
29,201,Missouri,Scott,39191,1087768829,22906,58.45,31343257,2.88,1892.8,0,0,0,0,,22906,58.45,31343257,2.88,1892.8,16285,41.55,1056425572,97.12,39.9
29,203,Missouri,Shannon,8441,2599881132,0,0,0,0,,0,0,0,0,,0,0,0,0,,8441,100,2599881132,100,8.4
29,205,Missouri,Shelby,6373,1297230497,0,0,0,0,,0,0,0,0,,0,0,0,0,,6373,100,1297230497,100,12.7
29,207,Missouri,Stoddard,29968,2132134868,9053,30.21,15101939,0.71,1552.6,0,0,0,0,,9053,30.21,15101939,0.71,1552.6,20915,69.79,2117032929,99.29,25.6
29,209,Missouri,Stone,32202,1201840755,3643,11.31,14365209,1.2,656.8,0,0,0,0,,3643,11.31,14365209,1.2,656.8,28559,88.69,1187475546,98.8,62.3
29,211,Missouri,Sullivan,6714,1678263572,0,0,0,0,,0,0,0,0,,0,0,0,0,,6714,100,1678263572,100,10.4
29,213,Missouri,Taney,51675,1638002904,29010,56.14,86627377,5.29,867.3,0,0,0,0,,29010,56.14,86627377,5.29,867.3,22665,43.86,1551375527,94.71,37.8
29,215,Missouri,Texas,26008,3049104495,205,0.79,324156,0.01,1637.9,0,0,0,0,,205,0.79,324156,0.01,1637.9,25803,99.21,3048780339,99.99,21.9
29,217,Missouri,Vernon,21159,2140360166,8832,41.74,14424852,0.67,1585.8,0,0,0,0,,8832,41.74,14424852,0.67,1585.8,12327,58.26,2125935314,99.33,15
29,219,Missouri,Warren,32513,1110071693,12017,36.96,21732430,1.96,1432.1,0,0,0,0,,12017,36.96,21732430,1.96,1432.1,20496,63.04,1088339263,98.04,48.8
29,221,Missouri,Washington,25195,1968164689,4919,19.52,7133113,0.36,1786.1,0,0,0,0,,4919,19.52,7133113,0.36,1786.1,20276,80.48,1961031576,99.64,26.8
29,223,Missouri,Wayne,13521,1966257806,0,0,0,0,,0,0,0,0,,0,0,0,0,,13521,100,1966257806,100,17.8
29,225,Missouri,Webster,36202,1534729111,9438,26.07,14252966,0.93,1715,0,0,0,0,,9438,26.07,14252966,0.93,1715,26764,73.93,1520476145,99.07,45.6
29,227,Missouri,Worth,2171,690523510,0,0,0,0,,0,0,0,0,,0,0,0,0,,2171,100,690523510,100,8.1
29,229,Missouri,Wright,18815,1765779860,4398,23.37,6749937,0.38,1687.5,0,0,0,0,,4398,23.37,6749937,0.38,1687.5,14417,76.63,1759029923,99.62,21.2
29,510,Missouri,St. Louis,319294,160343174,319293,100,159893739,99.72,5172,319293,100,159893739,99.72,5172,0,0,0,0,,1,0,449435,0.28,5.8
31,001,Nebraska,Adams,31364,1458868867,24312,77.52,22482030,1.54,2800.8,0,0,0,0,,24312,77.52,22482030,1.54,2800.8,7052,22.48,1436386837,98.46,12.7
31,003,Nebraska,Antelope,6685,2220183930,0,0,0,0,,0,0,0,0,,0,0,0,0,,6685,100,2220183930,100,7.8
31,005,Nebraska,Arthur,460,1852759801,0,0,0,0,,0,0,0,0,,0,0,0,0,,460,100,1852759801,100,0.6
31,007,Nebraska,Banner,690,1932426927,0,0,0,0,,0,0,0,0,,0,0,0,0,,690,100,1932426927,100,0.9
31,009,Nebraska,Blaine,478,1841156202,0,0,0,0,,0,0,0,0,,0,0,0,0,,478,100,1841156202,100,0.7
31,011,Nebraska,Boone,5505,1778165884,0,0,0,0,,0,0,0,0,,0,0,0,0,,5505,100,1778165884,100,8
31,013,Nebraska,Box Butte,11308,2784995043,8486,75.04,12053033,0.43,1823.5,0,0,0,0,,8486,75.04,12053033,0.43,1823.5,2822,24.96,2772942010,99.57,2.6
31,015,Nebraska,Boyd,2099,1398437421,0,0,0,0,,0,0,0,0,,0,0,0,0,,2099,100,1398437421,100,3.9
31,017,Nebraska,Brown,3145,3163238171,0,0,0,0,,0,0,0,0,,0,0,0,0,,3145,100,3163238171,100,2.6
31,019,Nebraska,Buffalo,46102,2507398525,31229,67.74,34419349,1.37,2349.9,0,0,0,0,,31229,67.74,34419349,1.37,2349.9,14873,32.26,2472979176,98.63,15.6
31,021,Nebraska,Burt,6858,1273189665,0,0,0,0,,0,0,0,0,,0,0,0,0,,6858,100,1273189665,100,14
31,023,Nebraska,Butler,8395,1514900899,2879,34.29,3371017,0.22,2212,0,0,0,0,,2879,34.29,3371017,0.22,2212,5516,65.71,1511529882,99.78,9.5
31,025,Nebraska,Cass,25241,1443778631,6826,27.04,7880319,0.55,2243.5,113,0.45,525361,0.04,557.1,6713,26.6,7354958,0.51,2363.9,18415,72.96,1435898312,99.45,33.2
31,027,Nebraska,Cedar,8852,1917398625,0,0,0,0,,0,0,0,0,,0,0,0,0,,8852,100,1917398625,100,12
31,029,Nebraska,Chase,3966,2316533574,0,0,0,0,,0,0,0,0,,0,0,0,0,,3966,100,2316533574,100,4.4
31,031,Nebraska,Cherry,5713,15437421571,2713,47.49,4773283,0.03,1472.1,0,0,0,0,,2713,47.49,4773283,0.03,1472.1,3000,52.51,15432648288,99.97,0.5
31,033,Nebraska,Cheyenne,9998,3098368319,6373,63.74,8307330,0.27,1986.9,0,0,0,0,,6373,63.74,8307330,0.27,1986.9,3625,36.26,3090060989,99.73,3
31,035,Nebraska,Clay,6542,1482222817,0,0,0,0,,0,0,0,0,,0,0,0,0,,6542,100,1482222817,100,11.4
31,037,Nebraska,Colfax,10515,1066193904,6255,59.49,6571966,0.62,2465.1,0,0,0,0,,6255,59.49,6571966,0.62,2465.1,4260,40.51,1059621938,99.38,10.4
31,039,Nebraska,Cuming,9139,1477895767,3180,34.8,3927273,0.27,2097.2,0,0,0,0,,3180,34.8,3927273,0.27,2097.2,5959,65.2,1473968494,99.73,10.5
31,041,Nebraska,Custer,10939,6670570294,3537,32.33,4930124,0.07,1858.1,0,0,0,0,,3537,32.33,4930124,0.07,1858.1,7402,67.67,6665640170,99.93,2.9
31,043,Nebraska,Dakota,21006,684416224,16576,78.91,27756150,4.06,1546.7,16576,78.91,27756150,4.06,1546.7,0,0,0,0,,4430,21.09,656660074,95.94,17.5
31,045,Nebraska,Dawes,9182,3616823898,5515,60.06,4941384,0.14,2890.6,0,0,0,0,,5515,60.06,4941384,0.14,2890.6,3667,39.94,3611882514,99.86,2.6
31,047,Nebraska,Dawson,24326,2623905741,17842,73.35,19366188,0.74,2386.1,0,0,0,0,,17842,73.35,19366188,0.74,2386.1,6484,26.65,2604539553,99.26,6.4
31,049,Nebraska,Deuel,1941,1139208954,0,0,0,0,,0,0,0,0,,0,0,0,0,,1941,100,1139208954,100,4.4
31,051,Nebraska,Dixon,6000,1233434205,0,0,0,0,,0,0,0,0,,0,0,0,0,,6000,100,1233434205,100,12.6
31,053,Nebraska,Dodge,36691,1369341649,27471,74.87,28232107,2.06,2520.2,0,0,0,0,,27471,74.87,28232107,2.06,2520.2,9220,25.13,1341109542,97.94,17.8
31,055,Nebraska,Douglas,517110,850693384,505886,97.83,436988830,51.37,2998.3,505886,97.83,436988830,51.37,2998.3,0,0,0,0,,11224,2.17,413704554,48.63,70.3
31,057,Nebraska,Dundy,2008,2381954077,0,0,0,0,,0,0,0,0,,0,0,0,0,,2008,100,2381954077,100,2.2
31,059,Nebraska,Fillmore,5890,1490202759,0,0,0,0,,0,0,0,0,,0,0,0,0,,5890,100,1490202759,100,10.2
31,061,Nebraska,Franklin,3225,1491356076,0,0,0,0,,0,0,0,0,,0,0,0,0,,3225,100,1491356076,100,5.6
31,063,Nebraska,Frontier,2756,2524180489,0,0,0,0,,0,0,0,0,,0,0,0,0,,2756,100,2524180489,100,2.8
31,065,Nebraska,Furnas,4959,1862542551,0,0,0,0,,0,0,0,0,,0,0,0,0,,4959,100,1862542551,100,6.9
31,067,Nebraska,Gage,22311,2205352156,12405,55.6,17392086,0.79,1847.3,0,0,0,0,,12405,55.6,17392086,0.79,1847.3,9906,44.4,2187960070,99.21,11.7
31,069,Nebraska,Garden,2057,4414071674,0,0,0,0,,0,0,0,0,,0,0,0,0,,2057,100,4414071674,100,1.2
31,071,Nebraska,Garfield,2049,1475749482,0,0,0,0,,0,0,0,0,,0,0,0,0,,2049,100,1475749482,100,3.6
31,073,Nebraska,Gosper,2044,1186616260,0,0,0,0,,0,0,0,0,,0,0,0,0,,2044,100,1186616260,100,4.5
31,075,Nebraska,Grant,614,2010409972,0,0,0,0,,0,0,0,0,,0,0,0,0,,614,100,2010409972,100,0.8
31,077,Nebraska,Greeley,2538,1475804031,0,0,0,0,,0,0,0,0,,0,0,0,0,,2538,100,1475804031,100,4.5
31,079,Nebraska,Hall,58607,1414881257,50036,85.38,71648866,5.06,1808.7,50036,85.38,71648866,5.06,1808.7,0,0,0,0,,8571,14.62,1343232391,94.94,16.5
31,081,Nebraska,Hamilton,9124,1406047715,4466,48.95,5464063,0.39,2116.9,0,0,0,0,,4466,48.95,5464063,0.39,2116.9,4658,51.05,1400583652,99.61,8.6
31,083,Nebraska,Harlan,3423,1433470225,0,0,0,0,,0,0,0,0,,0,0,0,0,,3423,100,1433470225,100,6.2
31,085,Nebraska,Hayes,967,1846821508,0,0,0,0,,0,0,0,0,,0,0,0,0,,967,100,1846821508,100,1.4
31,087,Nebraska,Hitchcock,2908,1838742700,0,0,0,0,,0,0,0,0,,0,0,0,0,,2908,100,1838742700,100,4.1
31,089,Nebraska,Holt,10435,6248083787,3682,35.29,5402708,0.09,1765.1,0,0,0,0,,3682,35.29,5402708,0.09,1765.1,6753,64.71,6242681079,99.91,2.8
31,091,Nebraska,Hooker,736,1867695559,0,0,0,0,,0,0,0,0,,0,0,0,0,,736,100,1867695559,100,1
31,093,Nebraska,Howard,6274,1474576349,0,0,0,0,,0,0,0,0,,0,0,0,0,,6274,100,1474576349,100,11
31,095,Nebraska,Jefferson,7547,1476771431,3912,51.84,5206041,0.35,1946.2,0,0,0,0,,3912,51.84,5206041,0.35,1946.2,3635,48.16,1471565390,99.65,6.4
31,097,Nebraska,Johnson,5217,973968264,0,0,0,0,,0,0,0,0,,0,0,0,0,,5217,100,973968264,100,13.9
31,099,Nebraska,Kearney,6489,1337065724,2949,45.45,3769859,0.28,2026,0,0,0,0,,2949,45.45,3769859,0.28,2026,3540,54.55,1333295865,99.72,6.9
31,101,Nebraska,Keith,8368,2749531266,4424,52.87,5516158,0.2,2077.2,0,0,0,0,,4424,52.87,5516158,0.2,2077.2,3944,47.13,2744015108,99.8,3.7
31,103,Nebraska,Keya Paha,824,2002246688,0,0,0,0,,0,0,0,0,,0,0,0,0,,824,100,2002246688,100,1.1
31,105,Nebraska,Kimball,3821,2465269246,0,0,0,0,,0,0,0,0,,0,0,0,0,,3821,100,2465269246,100,4
31,107,Nebraska,Knox,8701,2870614119,0,0,0,0,,0,0,0,0,,0,0,0,0,,8701,100,2870614119,100,7.9
31,109,Nebraska,Lancaster,285407,2169240553,261852,91.75,232288621,10.71,2919.6,258719,90.65,229135352,10.56,2924.4,3133,1.1,3153269,0.15,2573.3,23555,8.25,1936951932,89.29,31.5
31,111,Nebraska,Lincoln,36288,6640905294,25213,69.48,30878896,0.46,2114.8,0,0,0,0,,25213,69.48,30878896,0.46,2114.8,11075,30.52,6610026398,99.54,4.3
31,113,Nebraska,Logan,763,1478003028,0,0,0,0,,0,0,0,0,,0,0,0,0,,763,100,1478003028,100,1.3
31,115,Nebraska,Loup,632,1471864091,0,0,0,0,,0,0,0,0,,0,0,0,0,,632,100,1471864091,100,1.1
31,117,Nebraska,McPherson,539,2224737034,0,0,0,0,,0,0,0,0,,0,0,0,0,,539,100,2224737034,100,0.6
31,119,Nebraska,Madison,34876,1483396470,25144,72.1,30375559,2.05,2143.9,0,0,0,0,,25144,72.1,30375559,2.05,2143.9,9732,27.9,1453020911,97.95,17.3
31,121,Nebraska,Merrick,7845,1255835783,3225,41.11,5572874,0.44,1498.8,404,5.15,1206560,0.1,867.2,2821,35.96,4366314,0.35,1673.3,4620,58.89,1250262909,99.56,9.6
31,123,Nebraska,Morrill,5042,3687723807,0,0,0,0,,0,0,0,0,,0,0,0,0,,5042,100,3687723807,100,3.5
31,125,Nebraska,Nance,3735,1143824006,0,0,0,0,,0,0,0,0,,0,0,0,0,,3735,100,1143824006,100,8.5
31,127,Nebraska,Nemaha,7248,1055115270,3474,47.93,5204592,0.49,1728.8,0,0,0,0,,3474,47.93,5204592,0.49,1728.8,3774,52.07,1049910678,99.51,9.3
31,129,Nebraska,Nuckolls,4500,1489645213,0,0,0,0,,0,0,0,0,,0,0,0,0,,4500,100,1489645213,100,7.8
31,131,Nebraska,Otoe,15740,1594475793,7066,44.89,8823752,0.55,2074,0,0,0,0,,7066,44.89,8823752,0.55,2074,8674,55.11,1585652041,99.45,14.2
31,133,Nebraska,Pawnee,2773,1116478095,0,0,0,0,,0,0,0,0,,0,0,0,0,,2773,100,1116478095,100,6.4
31,135,Nebraska,Perkins,2970,2287828141,0,0,0,0,,0,0,0,0,,0,0,0,0,,2970,100,2287828141,100,3.4
31,137,Nebraska,Phelps,9188,1398048596,5340,58.12,5983356,0.43,2311.5,0,0,0,0,,5340,58.12,5983356,0.43,2311.5,3848,41.88,1392065240,99.57,7.2
31,139,Nebraska,Pierce,7266,1484707293,0,0,0,0,,0,0,0,0,,0,0,0,0,,7266,100,1484707293,100,12.7
31,141,Nebraska,Platte,32237,1745805649,22106,68.57,20788738,1.19,2754.1,0,0,0,0,,22106,68.57,20788738,1.19,2754.1,10131,31.43,1725016911,98.81,15.2
31,143,Nebraska,Polk,5406,1135308002,0,0,0,0,,0,0,0,0,,0,0,0,0,,5406,100,1135308002,100,12.3
31,145,Nebraska,Red Willow,11055,1856983744,7563,68.41,12021742,0.65,1629.4,0,0,0,0,,7563,68.41,12021742,0.65,1629.4,3492,31.59,1844962002,99.35,4.9
31,147,Nebraska,Richardson,8363,1429258779,4133,49.42,4786180,0.33,2236.5,0,0,0,0,,4133,49.42,4786180,0.33,2236.5,4230,50.58,1424472599,99.67,7.7
31,149,Nebraska,Rock,1526,2611532223,0,0,0,0,,0,0,0,0,,0,0,0,0,,1526,100,2611532223,100,1.5
31,151,Nebraska,Saline,14200,1486698620,6948,48.93,6527069,0.44,2757,0,0,0,0,,6948,48.93,6527069,0.44,2757,7252,51.07,1480171551,99.56,12.7
31,153,Nebraska,Sarpy,158840,618982000,150463,94.73,177560531,28.69,2194.7,150463,94.73,177560531,28.69,2194.7,0,0,0,0,,8377,5.27,441421469,71.31,49.2
31,155,Nebraska,Saunders,20780,1943096642,6964,33.51,8816220,0.45,2045.9,0,0,0,0,,6964,33.51,8816220,0.45,2045.9,13816,66.49,1934280422,99.55,18.5
31,157,Nebraska,Scotts Bluff,36970,1915039277,25946,70.18,34062528,1.78,1972.8,0,0,0,0,,25946,70.18,34062528,1.78,1972.8,11024,29.82,1880976749,98.22,15.2
31,159,Nebraska,Seward,16750,1479990428,6636,39.62,6903012,0.47,2489.8,0,0,0,0,,6636,39.62,6903012,0.47,2489.8,10114,60.38,1473087416,99.53,17.8
31,161,Nebraska,Sheridan,5469,6321803579,0,0,0,0,,0,0,0,0,,0,0,0,0,,5469,100,6321803579,100,2.2
31,163,Nebraska,Sherman,3152,1465488702,0,0,0,0,,0,0,0,0,,0,0,0,0,,3152,100,1465488702,100,5.6
31,165,Nebraska,Sioux,1311,5352832471,0,0,0,0,,0,0,0,0,,0,0,0,0,,1311,100,5352832471,100,0.6
31,167,Nebraska,Stanton,6129,1108381561,1625,26.51,1531631,0.14,2747.9,0,0,0,0,,1625,26.51,1531631,0.14,2747.9,4504,73.49,1106849930,99.86,10.5
31,169,Nebraska,Thayer,5228,1486153333,0,0,0,0,,0,0,0,0,,0,0,0,0,,5228,100,1486153333,100,9.1
31,171,Nebraska,Thomas,647,1847272741,0,0,0,0,,0,0,0,0,,0,0,0,0,,647,100,1847272741,100,0.9
31,173,Nebraska,Thurston,6940,1019377309,0,0,0,0,,0,0,0,0,,0,0,0,0,,6940,100,1019377309,100,17.6
31,175,Nebraska,Valley,4260,1471237329,0,0,0,0,,0,0,0,0,,0,0,0,0,,4260,100,1471237329,100,7.5
31,177,Nebraska,Washington,20234,1009986004,7844,38.77,10392987,1.03,1954.8,0,0,0,0,,7844,38.77,10392987,1.03,1954.8,12390,61.23,999593017,98.97,32.1
31,179,Nebraska,Wayne,9595,1147143891,5557,57.92,4657184,0.41,3090.4,0,0,0,0,,5557,57.92,4657184,0.41,3090.4,4038,42.08,1142486707,99.59,9.2
31,181,Nebraska,Webster,3812,1489018081,0,0,0,0,,0,0,0,0,,0,0,0,0,,3812,100,1489018081,100,6.6
31,183,Nebraska,Wheeler,818,1489715284,0,0,0,0,,0,0,0,0,,0,0,0,0,,818,100,1489715284,100,1.4
31,185,Nebraska,York,13665,1482793088,7633,55.86,9526750,0.64,2075.1,0,0,0,0,,7633,55.86,9526750,0.64,2075.1,6032,44.14,1473266338,99.36,10.6
40,001,Oklahoma,Adair,22683,1485298113,3789,16.7,6045731,0.41,1623.2,0,0,0,0,,3789,16.7,6045731,0.41,1623.2,18894,83.3,1479252382,99.59,33.1
40,003,Oklahoma,Alfalfa,5642,2244106958,0,0,0,0,,0,0,0,0,,0,0,0,0,,5642,100,2244106958,100,6.5
40,005,Oklahoma,Atoka,14182,2526578130,0,0,0,0,,0,0,0,0,,0,0,0,0,,14182,100,2526578130,100,14.5
40,007,Oklahoma,Beaver,5636,4699978363,0,0,0,0,,0,0,0,0,,0,0,0,0,,5636,100,4699978363,100,3.1
40,009,Oklahoma,Beckham,22119,2335665049,14896,67.34,20295509,0.87,1900.9,0,0,0,0,,14896,67.34,20295509,0.87,1900.9,7223,32.66,2315369540,99.13,8.1
40,011,Oklahoma,Blaine,11943,2404607766,5084,42.57,5421207,0.23,2428.9,0,0,0,0,,5084,42.57,5421207,0.23,2428.9,6859,57.43,2399186559,99.77,7.4
40,013,Oklahoma,Bryan,42416,2342567959,16402,38.67,26250955,1.12,1618.3,0,0,0,0,,16402,38.67,26250955,1.12,1618.3,26014,61.33,2316317004,98.88,29.1
40,015,Oklahoma,Caddo,29600,3310753325,5929,20.03,6283077,0.19,2444,0,0,0,0,,5929,20.03,6283077,0.19,2444,23671,79.97,3304470248,99.81,18.6
40,017,Oklahoma,Canadian,115541,2322250237,89535,77.49,131905815,5.68,1758,74466,64.45,113428695,4.88,1700.3,15069,13.04,18477120,0.8,2112.3,26006,22.51,2190344422,94.32,30.8
40,019,Oklahoma,Carter,47557,2129424630,20888,43.92,30232622,1.42,1789.4,0,0,0,0,,20888,43.92,30232622,1.42,1789.4,26669,56.08,2099192008,98.58,32.9
40,021,Oklahoma,Cherokee,46987,1940956597,18772,39.95,32015631,1.65,1518.6,0,0,0,0,,18772,39.95,32015631,1.65,1518.6,28215,60.05,1908940966,98.35,38.3
40,023,Oklahoma,Choctaw,15205,1995214679,5028,33.07,8451115,0.42,1540.9,0,0,0,0,,5028,33.07,8451115,0.42,1540.9,10177,66.93,1986763564,99.58,13.3
40,025,Oklahoma,Cimarron,2475,4751948736,0,0,0,0,,0,0,0,0,,0,0,0,0,,2475,100,4751948736,100,1.3
40,027,Oklahoma,Cleveland,255755,1395398450,212574,83.12,226804499,16.25,2427.5,210515,82.31,223264532,16,2442.1,2059,0.81,3539967,0.25,1506.5,43181,16.88,1168593951,83.75,95.7
40,029,Oklahoma,Coal,5925,1338199454,0,0,0,0,,0,0,0,0,,0,0,0,0,,5925,100,1338199454,100,11.5
40,031,Oklahoma,Comanche,124098,2769439538,97057,78.21,118139035,4.27,2127.8,94457,76.11,114152127,4.12,2143.1,2600,2.1,3986908,0.14,1689,27041,21.79,2651300503,95.73,26.4
40,033,Oklahoma,Cotton,6193,1638566638,2506,40.47,3327197,0.2,1950.7,0,0,0,0,,2506,40.47,3327197,0.2,1950.7,3687,59.53,1635239441,99.8,5.8
40,035,Oklahoma,Craig,15029,1971897258,6002,39.94,9294661,0.47,1672.5,0,0,0,0,,6002,39.94,9294661,0.47,1672.5,9027,60.06,1962602597,99.53,11.9
40,037,Oklahoma,Creek,69967,2460853552,32224,46.06,73878039,3,1129.7,25128,35.91,61612911,2.5,1056.3,7096,10.14,12265128,0.5,1498.4,37743,53.94,2386975513,97,41
40,039,Oklahoma,Custer,27469,2561024716,19139,69.67,18938771,0.74,2617.4,0,0,0,0,,19139,69.67,18938771,0.74,2617.4,8330,30.33,2542085945,99.26,8.5
40,041,Oklahoma,Delaware,41487,1911868565,7834,18.88,25097462,1.31,808.4,0,0,0,0,,7834,18.88,25097462,1.31,808.4,33653,81.12,1886771103,98.69,46.2
40,043,Oklahoma,Dewey,4810,2588632047,0,0,0,0,,0,0,0,0,,0,0,0,0,,4810,100,2588632047,100,4.8
40,045,Oklahoma,Ellis,4151,3189609693,0,0,0,0,,0,0,0,0,,0,0,0,0,,4151,100,3189609693,100,3.4
40,047,Oklahoma,Garfield,60580,2741414396,47609,78.59,62145767,2.27,1984.2,0,0,0,0,,47609,78.59,62145767,2.27,1984.2,12971,21.41,2679268629,97.73,12.5
40,049,Oklahoma,Garvin,27576,2077482576,8631,31.3,13500736,0.65,1655.8,0,0,0,0,,8631,31.3,13500736,0.65,1655.8,18945,68.7,2063981840,99.35,23.8
40,051,Oklahoma,Grady,52431,2850273013,18935,36.11,38322147,1.34,1279.7,0,0,0,0,,18935,36.11,38322147,1.34,1279.7,33496,63.89,2811950866,98.66,30.9
40,053,Oklahoma,Grant,4527,2592244963,0,0,0,0,,0,0,0,0,,0,0,0,0,,4527,100,2592244963,100,4.5
40,055,Oklahoma,Greer,6239,1655842714,2954,47.35,3687883,0.22,2074.6,0,0,0,0,,2954,47.35,3687883,0.22,2074.6,3285,52.65,1652154831,99.78,5.1
40,057,Oklahoma,Harmon,2922,1391326707,0,0,0,0,,0,0,0,0,,0,0,0,0,,2922,100,1391326707,100,5.4
40,059,Oklahoma,Harper,3685,2691040791,0,0,0,0,,0,0,0,0,,0,0,0,0,,3685,100,2691040791,100,3.5
40,061,Oklahoma,Haskell,12769,1493181861,2843,22.26,5991106,0.4,1229,0,0,0,0,,2843,22.26,5991106,0.4,1229,9926,77.74,1487190755,99.6,17.3
40,063,Oklahoma,Hughes,14003,2084025091,5768,41.19,8456897,0.41,1766.5,0,0,0,0,,5768,41.19,8456897,0.41,1766.5,8235,58.81,2075568194,99.59,10.3
40,065,Oklahoma,Jackson,26446,2078856062,19900,75.25,31472094,1.51,1637.7,0,0,0,0,,19900,75.25,31472094,1.51,1637.7,6546,24.75,2047383968,98.49,8.3
40,067,Oklahoma,Jefferson,6472,1965365227,0,0,0,0,,0,0,0,0,,0,0,0,0,,6472,100,1965365227,100,8.5
40,069,Oklahoma,Johnston,10957,1665207064,0,0,0,0,,0,0,0,0,,0,0,0,0,,10957,100,1665207064,100,17
40,071,Oklahoma,Kay,46562,2382087117,35166,75.53,58473198,2.45,1557.6,0,0,0,0,,35166,75.53,58473198,2.45,1557.6,11396,24.47,2323613919,97.55,12.7
40,073,Oklahoma,Kingfisher,15034,2326225317,4144,27.56,5639460,0.24,1903.2,0,0,0,0,,4144,27.56,5639460,0.24,1903.2,10890,72.44,2320585857,99.76,12.2
40,075,Oklahoma,Kiowa,9446,2629422850,3622,38.34,4481230,0.17,2093.4,0,0,0,0,,3622,38.34,4481230,0.17,2093.4,5824,61.66,2624941620,99.83,5.7
40,077,Oklahoma,Latimer,11154,1870178643,2979,26.71,6180497,0.33,1248.4,0,0,0,0,,2979,26.71,6180497,0.33,1248.4,8175,73.29,1863998146,99.67,11.4
40,079,Oklahoma,Le Flore,50384,4116045949,13656,27.1,25832742,0.63,1369.1,2105,4.18,4989945,0.12,1092.6,11551,22.93,20842797,0.51,1435.4,36728,72.9,4090213207,99.37,23.3
40,081,Oklahoma,Lincoln,34273,2466481063,2704,7.89,6301610,0.26,1111.4,0,0,0,0,,2704,7.89,6301610,0.26,1111.4,31569,92.11,2460179453,99.74,33.2
40,083,Oklahoma,Logan,41848,1926521787,18675,44.63,59892244,3.11,807.6,10484,25.05,46124140,2.39,588.7,8191,19.57,13768104,0.71,1540.9,23173,55.37,1866629543,96.89,32.2
40,085,Oklahoma,Love,9423,1331241072,0,0,0,0,,0,0,0,0,,0,0,0,0,,9423,100,1331241072,100,18.3
40,087,Oklahoma,McClain,34506,1478109734,7879,22.83,14943298,1.01,1365.6,306,0.89,1976769,0.13,400.9,7573,21.95,12966529,0.88,1512.7,26627,77.17,1463166436,98.99,47.1
40,089,Oklahoma,McCurtain,33151,4791491660,10193,30.75,20388311,0.43,1294.8,0,0,0,0,,10193,30.75,20388311,0.43,1294.8,22958,69.25,4771103349,99.57,12.5
40,091,Oklahoma,McIntosh,20252,1601896473,2572,12.7,3259479,0.2,2043.7,0,0,0,0,,2572,12.7,3259479,0.2,2043.7,17680,87.3,1598636994,99.8,28.6
40,093,Oklahoma,Major,7527,2473407969,0,0,0,0,,0,0,0,0,,0,0,0,0,,7527,100,2473407969,100,7.9
40,095,Oklahoma,Marshall,15840,961092926,4419,27.9,6101837,0.63,1875.7,0,0,0,0,,4419,27.9,6101837,0.63,1875.7,11421,72.1,954991089,99.37,31
40,097,Oklahoma,Mayes,41259,1697440860,9325,22.6,14279883,0.84,1691.3,0,0,0,0,,9325,22.6,14279883,0.84,1691.3,31934,77.4,1683160977,99.16,49.1
40,099,Oklahoma,Murray,13488,1078621351,7324,54.3,13727974,1.27,1381.8,0,0,0,0,,7324,54.3,13727974,1.27,1381.8,6164,45.7,1064893377,98.73,15
40,101,Oklahoma,Muskogee,70990,2099056912,41801,58.88,71838640,3.42,1507,0,0,0,0,,41801,58.88,71838640,3.42,1507,29189,41.12,2027218272,96.58,37.3
40,103,Oklahoma,Noble,11561,1895599459,5052,43.7,6866228,0.36,1905.6,0,0,0,0,,5052,43.7,6866228,0.36,1905.6,6509,56.3,1888733231,99.64,8.9
40,105,Oklahoma,Nowata,10536,1465355090,4432,42.07,7614455,0.52,1507.5,0,0,0,0,,4432,42.07,7614455,0.52,1507.5,6104,57.93,1457740635,99.48,10.8
40,107,Oklahoma,Okfuskee,12191,1602081668,3152,25.86,4037519,0.25,2021.9,0,0,0,0,,3152,25.86,4037519,0.25,2021.9,9039,74.14,1598044149,99.75,14.6
40,109,Oklahoma,Oklahoma,718633,1835832315,673536,93.72,808882241,44.06,2156.6,669632,93.18,794971893,43.3,2181.6,3904,0.54,13910348,0.76,726.9,45097,6.28,1026950074,55.94,113.7
40,111,Oklahoma,Okmulgee,40069,1806124291,20615,51.45,36538514,2.02,1461.3,0,0,0,0,,20615,51.45,36538514,2.02,1461.3,19454,48.55,1769585777,97.98,28.5
40,113,Oklahoma,Osage,47472,5818040494,19239,40.53,33297416,0.57,1496.5,6008,12.66,8272460,0.14,1881,13231,27.87,25024956,0.43,1369.4,28233,59.47,5784743078,99.43,12.6
40,115,Oklahoma,Ottawa,31848,1219421293,16144,50.69,20795427,1.71,2010.7,0,0,0,0,,16144,50.69,20795427,1.71,2010.7,15704,49.31,1198625866,98.29,33.9
40,117,Oklahoma,Pawnee,16577,1470996347,3128,18.87,4020988,0.27,2014.8,0,0,0,0,,3128,18.87,4020988,0.27,2014.8,13449,81.13,1466975359,99.73,23.7
40,119,Oklahoma,Payne,77350,1773371786,51257,66.27,63909443,3.6,2077.2,0,0,0,0,,51257,66.27,63909443,3.6,2077.2,26093,33.73,1709462343,96.4,39.5
40,121,Oklahoma,Pittsburg,45837,3381130261,22040,48.08,31688913,0.94,1801.4,0,0,0,0,,22040,48.08,31688913,0.94,1801.4,23797,51.92,3349441348,99.06,18.4
40,123,Oklahoma,Pontotoc,37492,1865918266,17400,46.41,30913906,1.66,1457.8,0,0,0,0,,17400,46.41,30913906,1.66,1457.8,20092,53.59,1835004360,98.34,28.4
40,125,Oklahoma,Pottawatomie,69442,2040060341,34255,49.33,57505039,2.82,1542.8,0,0,0,0,,34255,49.33,57505039,2.82,1542.8,35187,50.67,1982555302,97.18,46
40,127,Oklahoma,Pushmataha,11572,3615199153,0,0,0,0,,0,0,0,0,,0,0,0,0,,11572,100,3615199153,100,8.3
40,129,Oklahoma,Roger Mills,3647,2955528117,0,0,0,0,,0,0,0,0,,0,0,0,0,,3647,100,2955528117,100,3.2
40,131,Oklahoma,Rogers,86905,1749880020,43196,49.7,111554325,6.37,1002.9,17874,20.57,56966048,3.26,812.6,25322,29.14,54588277,3.12,1201.4,43709,50.3,1638325695,93.63,69.1
40,133,Oklahoma,Seminole,25482,1639041127,9002,35.33,12941110,0.79,1801.6,0,0,0,0,,9002,35.33,12941110,0.79,1801.6,16480,64.67,1626100017,99.21,26.2
40,135,Oklahoma,Sequoyah,42391,1743764515,14148,33.38,25294729,1.45,1448.6,128,0.3,312337,0.02,1061.4,14020,33.07,24982392,1.43,1453.5,28243,66.62,1718469786,98.55,42.6
40,137,Oklahoma,Stephens,45048,2253922744,25531,56.68,35176133,1.56,1879.8,0,0,0,0,,25531,56.68,35176133,1.56,1879.8,19517,43.32,2218746611,98.44,22.8
40,139,Oklahoma,Texas,20640,5286842403,11338,54.93,12512672,0.24,2346.8,0,0,0,0,,11338,54.93,12512672,0.24,2346.8,9302,45.07,5274329731,99.76,4.6
40,141,Oklahoma,Tillman,7992,2256226803,3899,48.79,5771780,0.26,1749.6,0,0,0,0,,3899,48.79,5771780,0.26,1749.6,4093,51.21,2250455023,99.74,4.7
40,143,Oklahoma,Tulsa,603403,1476931275,574564,95.22,675405010,45.73,2203.3,568811,94.27,666914717,45.16,2209,5753,0.95,8490293,0.57,1755,28839,4.78,801526265,54.27,93.2
40,145,Oklahoma,Wagoner,73085,1454421645,45701,62.53,88522115,6.09,1337.1,37658,51.53,76245070,5.24,1279.2,8043,11,12277045,0.84,1696.8,27384,37.47,1365899530,93.91,51.9
40,147,Oklahoma,Washington,50976,1076020808,38802,76.12,60714930,5.64,1655.2,0,0,0,0,,38802,76.12,60714930,5.64,1655.2,12174,23.88,1015305878,94.36,31.1
40,149,Oklahoma,Washita,11629,2598189856,2876,24.73,4577495,0.18,1627.3,0,0,0,0,,2876,24.73,4577495,0.18,1627.3,8753,75.27,2593612361,99.82,8.7
40,151,Oklahoma,Woods,8878,3331900551,5620,63.3,6804483,0.2,2139.1,0,0,0,0,,5620,63.3,6804483,0.2,2139.1,3258,36.7,3325096068,99.8,2.5
40,153,Oklahoma,Woodward,20081,3217798327,11344,56.49,21722405,0.68,1352.6,0,0,0,0,,11344,56.49,21722405,0.68,1352.6,8737,43.51,3196075922,99.32,7.1
